spec_id,fact_id,product_id,seed_record_id,company,brand,standard_product_name,field_name,field_value,source_url,promoted_at
spec_a0d59f827cc1,pfact_78a28e6175f4,prod_58d04fb61007,REC_0745,APS,Venusian CO2 Therapy,Carboxytherapy (卡波西/二氧化碳疗法),material_or_ingredient,composition: CO2,https://venusian.it/,2026-06-01T01:40:35+08:00
spec_718e51eb70e5,pfact_9d7d2678d391,prod_48d9e846b0fc,REC_0615,Across,Revolax,HA Dermal Fillers,dose_strength,dose_or_unit: 20mg,http://across2013.koreasme.com/,2026-06-01T01:40:35+08:00
spec_2e37d77530a9,pfact_d6fdf55b201a,prod_4832bea100ce,REC_0480,Aerolase,Neo Elite,1064nm Nd:YAG 激光,device_energy,energy_wavelength: 1064 nm,https://www.aerolase.com/plastic-surgery-laser-solutions,2026-06-01T01:40:35+08:00
spec_94a5ef0c492a,pfact_f999d336eeed,prod_4832bea100ce,REC_0480,Aerolase,Neo Elite,1064nm Nd:YAG 激光,device_energy,energy_wavelength: 1064nm,https://aerolase.com/,2026-06-01T01:40:35+08:00
spec_3c3b89ebaa31,pfact_608158908749,prod_4832bea100ce,REC_0480,Aerolase,Neo Elite,1064nm Nd:YAG 激光,device_energy,energy_wavelength: 2940 nm,https://www.aerolase.com/plastic-surgery-laser-solutions,2026-06-01T01:40:35+08:00
spec_4072a2e3d59f,pfact_d5ea67968953,prod_0a5bdf071d7b,REC_0241,Aerolase,Era Elite,2940nm Er:YAG 激光,device_energy,energy_wavelength: 1064 nm,https://www.aerolase.com/plastic-surgery-laser-solutions,2026-06-01T01:40:35+08:00
spec_54a0e7dac302,pfact_83d23465cac7,prod_0a5bdf071d7b,REC_0241,Aerolase,Era Elite,2940nm Er:YAG 激光,device_energy,energy_wavelength: 1064nm,https://www.aerolase.com/en-in/neo-era,2026-06-01T01:40:35+08:00
spec_7b054d48df3b,pfact_9d36b71eaa47,prod_0a5bdf071d7b,REC_0241,Aerolase,Era Elite,2940nm Er:YAG 激光,device_energy,energy_wavelength: 2940 nm,https://www.aerolase.com/plastic-surgery-laser-solutions,2026-06-01T01:40:35+08:00
spec_065bc3d41eb6,pfact_9962610d5143,prod_313ad848396d,REC_0799,Allergan,CoolTone,Magnetic Muscle Stimulation,commercial_certification,certification_claim: FDA CLEARED,https://www.cooltone.com/,2026-06-01T01:40:35+08:00
spec_240d3bb31dc5,pfact_e809137d0273,prod_5c8b3a5a2cc4,REC_0094,Allergan,BOTOX Cosmetic,Botulinum Toxin Type A (肉毒毒素),material_or_ingredient,composition: onabotulinumtoxinA,https://www.botoxcosmetic.com/,2026-06-01T01:40:35+08:00
spec_78ccf390c22f,pfact_d64c8937b4c0,prod_739853cc57c1,REC_0387,Allergan,Kybella / Belkyra,Deoxycholic Acid (脱氧胆酸),dose_strength,dose_or_unit: 10 mg,https://www.mykybella.com/what-is-kybella,2026-06-01T01:40:35+08:00
spec_73035e98ac72,pfact_f811d5ea14c4,prod_fe1881c6377d,REC_0847,Alma Lasers,Alma Hybrid,CO2 + Non-Ablative Dual Laser,commercial_certification,certification_claim: CE marked,https://almalasers.co.uk/product/alma-hybrid/,2026-06-01T01:40:35+08:00
spec_689fa1e1a2eb,pfact_835f7aae4e6f,prod_fe1881c6377d,REC_0847,Alma Lasers,Alma Hybrid,CO2 + Non-Ablative Dual Laser,device_energy,energy_wavelength: 1570 nm,https://lp.almalasers.com/,2026-06-01T01:40:35+08:00
spec_59eeccad04cc,pfact_8634855dca14,prod_fe1881c6377d,REC_0847,Alma Lasers,Alma Hybrid,CO2 + Non-Ablative Dual Laser,device_energy,energy_wavelength: 1570nm,https://almalasers.com/,2026-06-01T01:40:35+08:00
spec_9a25fb36432d,pfact_0183ad1ec6bc,prod_fe1881c6377d,REC_0847,Alma Lasers,Alma Hybrid,CO2 + Non-Ablative Dual Laser,device_energy,energy_wavelength: 600 nm,https://lp.almalasers.com/,2026-06-01T01:40:35+08:00
spec_18e793e52091,pfact_4181deb5b388,prod_fe1881c6377d,REC_0847,Alma Lasers,Alma Hybrid,CO2 + Non-Ablative Dual Laser,material_or_ingredient,composition: CO2,https://lp.almalasers.com/,2026-06-01T01:40:35+08:00
spec_fa8d6eec212c,pfact_cdeb143affd0,prod_b2c8abf17aa4,REC_0675,Alma Lasers,Soprano Titanium / Ice Platinum,半导体脱毛激光,device_energy,energy_wavelength: 1064nm,https://alma-soprano.nl/,2026-06-01T01:40:35+08:00
spec_16027d85bbdf,pfact_4c18ee8d6562,prod_b2c8abf17aa4,REC_0675,Alma Lasers,Soprano Titanium / Ice Platinum,半导体脱毛激光,device_energy,energy_wavelength: 755nm,https://alma-soprano.nl/,2026-06-01T01:40:35+08:00
spec_b7c1927ae426,pfact_172db44b02a8,prod_b2c8abf17aa4,REC_0675,Alma Lasers,Soprano Titanium / Ice Platinum,半导体脱毛激光,device_energy,energy_wavelength: 810nm,https://alma-soprano.nl/,2026-06-01T01:40:35+08:00
spec_a1b2f59e138f,pfact_f18a64aa323e,prod_ba1adfad2a97,REC_0179,Alta Care,Dermastir H53EGF,头皮注射液,volume_packaging,volume_or_fill: 5ml,https://dermastir.com/products/dermastir-meso-sterile-vials-h53egf,2026-06-01T01:40:35+08:00
spec_db34c3b65928,pfact_d55d2dcf4f68,prod_c828ebcf7b79,REC_0705,Alvi Prague,TL-700 / Pico-Light,皮秒/调Q激光,device_energy,energy_wavelength: 1064 nm,https://alvi-prague.com/quasar-tl-700-picosecond-laser-2,2026-06-01T01:40:35+08:00
spec_162303d2e0dd,pfact_bece5f178bef,prod_b7b2526b8eda,REC_0060,Arkana Cosmetics,AzAc Solution,复合酸治疗,dose_strength,dose_or_unit: 20 mg,https://arkanacosmetics.com/cosmetics/azac-solution-200-ml-2/,2026-06-01T01:40:35+08:00
spec_a2aaa43bf245,pfact_4295d0b247f4,prod_b7b2526b8eda,REC_0060,Arkana Cosmetics,AzAc Solution,复合酸治疗,dose_strength,dose_or_unit: 5 mg,https://arkanacosmetics.com/cosmetics/azac-solution-200-ml-2/,2026-06-01T01:40:35+08:00
spec_1b21030dcf97,pfact_859ed1eca8bb,prod_b7b2526b8eda,REC_0060,Arkana Cosmetics,AzAc Solution,复合酸治疗,volume_packaging,volume_or_fill: 50 ml,https://www.shop-arkana.com/b2c_en/tonik-z-azeloglicyna-200-ml.html,2026-06-01T01:40:35+08:00
spec_657e10f2e6db,pfact_1dd6f0d00a62,prod_b7b2526b8eda,REC_0060,Arkana Cosmetics,AzAc Solution,复合酸治疗,volume_packaging,volume_or_fill: 75 ml,https://arkanacosmetics.com/cosmetics/azac-solution-200-ml-2/,2026-06-01T01:40:35+08:00
spec_b15029569dba,pfact_4eb04449eeb5,prod_ba776e888b9e,REC_0571,Arkana Cosmetics,PRP-like Therapy,仿生肽与微针,volume_packaging,volume_or_fill: 3399cc,https://www.shop-arkana.com/b2b_en/linie-arkana/prp-like-therapy.html,2026-06-01T01:40:35+08:00
spec_a682c6fb0f34,pfact_b598345d8d52,prod_0c46aba3dc77,REC_0049,Arthrex,Arthrex ACP (Autologous Conditioned Plasma),PRP 制备系统,commercial_certification,certification_claim: 510(k),https://www.arthrex.com/orthobiologics/autologous-conditioned-plasma,2026-06-01T01:40:35+08:00
spec_627ed60efc0d,pfact_a4a4c99e4faf,prod_29c24bf3cc1d,REC_0903,Asclepion,Dermablate,Er:YAG 2940nm Fractional,device_energy,energy_wavelength: 060nm,https://asclepion.com/en/?lang=en,2026-06-01T01:40:35+08:00
spec_1ff584570c87,pfact_e9a529227e5b,prod_29c24bf3cc1d,REC_0903,Asclepion,Dermablate,Er:YAG 2940nm Fractional,device_energy,energy_wavelength: 2.940 nm,https://asclepion.com/en/history/,2026-06-01T01:40:35+08:00
spec_440e914a782a,pfact_edffa9d73077,prod_29c24bf3cc1d,REC_0903,Asclepion,Dermablate,Er:YAG 2940nm Fractional,device_energy,energy_wavelength: 808nm,https://asclepion.com/en/?lang=en,2026-06-01T01:40:35+08:00
spec_478121d9a25c,pfact_748ea7a999c7,prod_235ebd4ddb77,REC_0902,Asclepion,MeDioStar,810+940nm Diode Hair Removal,device_energy,energy_wavelength: 1060 nm,https://asclepion.com/en/history/,2026-06-01T01:40:35+08:00
spec_b8fdda566207,pfact_492ea24c9b5b,prod_235ebd4ddb77,REC_0902,Asclepion,MeDioStar,810+940nm Diode Hair Removal,device_energy,energy_wavelength: 694 nm,https://asclepion.com/en/history/,2026-06-01T01:40:35+08:00
spec_5786b1fdcb44,pfact_13e3c8282b93,prod_235ebd4ddb77,REC_0902,Asclepion,MeDioStar,810+940nm Diode Hair Removal,device_energy,energy_wavelength: 810 nm,https://asclepion.com/en/history/,2026-06-01T01:40:35+08:00
spec_dbf5596099cb,pfact_f1f5ce2d6ec2,prod_02200d32a924,REC_0429,Asclepion Laser,MCL31 Dermablate,Er:YAG (铒激光),device_energy,energy_wavelength: 250 J/cm2,https://www.aestheticsmedicallaser.com/product/asclepion-mcl31-dermablate-erbium-yag/,2026-06-01T01:40:35+08:00
spec_6d3307e4b9da,pfact_9c4168a42cb0,prod_02200d32a924,REC_0429,Asclepion Laser,MCL31 Dermablate,Er:YAG (铒激光),device_energy,energy_wavelength: 2940nm,https://www.aestheticsmedicallaser.com/,2026-06-01T01:40:35+08:00
spec_0614ba9b820f,pfact_499b237f0282,prod_51a98bd47378,REC_0284,Aurora Medical,Fractal CO2,二氧化碳点阵激光 (CO2 Laser),material_or_ingredient,composition: co2,https://auroradermo.com/fractal/,2026-06-01T01:40:35+08:00
spec_56639b2490a7,pfact_02cde87679a1,prod_2208755ef810,REC_0613,BR Pharm,Revitrane,HA Dermal Filler,volume_packaging,volume_or_fill: 1ml,https://brpharm.com/,2026-06-01T01:40:35+08:00
spec_ea19aa9a8128,pfact_c0cc81ba5cf6,prod_d9c1ddea77c1,REC_0319,BR Pharm,HP Cell Vitaran,PDRN / PN Injection,volume_packaging,volume_or_fill: 0ml,https://pharma-aesthetic.co.uk/product/hp-cell-vitaran-i/,2026-06-01T01:40:35+08:00
spec_7cc037ff1e45,pfact_f671cc522a7a,prod_b5b0c31cc885,REC_0867,BTL,EXION Clear RF,RF for Skin Clarity,commercial_certification,certification_claim: FDA cleared,https://bodybybtl.com/solutions/exion,2026-06-01T01:40:35+08:00
spec_491839b3a853,pfact_c9742c94762b,prod_f9fde9d391b6,REC_0725,Beamed,Unixel RF,CO2 Fractional Laser,device_energy,energy_wavelength: 10600nm,https://lasermed.co.th/?project=unixel-rf,2026-06-01T01:40:35+08:00
spec_1cf3858e0b4c,pfact_4089b23416ff,prod_c22989b2f2ee,REC_0070,Benev,Benev Exosome (ERC / ERC+),Lyophilized Exosomes,device_energy,energy_wavelength: 200 nm,https://www.benev.com/exosome,2026-06-01T01:40:35+08:00
spec_ae4222e99177,pfact_646a49e7ee28,prod_c22989b2f2ee,REC_0070,Benev,Benev Exosome (ERC / ERC+),Lyophilized Exosomes,dose_strength,dose_or_unit: 20 MG,https://www.benev.com/exobalm,2026-06-01T01:40:35+08:00
spec_4de984858769,pfact_930252193eb2,prod_c22989b2f2ee,REC_0070,Benev,Benev Exosome (ERC / ERC+),Lyophilized Exosomes,dose_strength,dose_or_unit: 6 U,https://www.benev.com/post/new-study-on-benev-exosomes,2026-06-01T01:40:35+08:00
spec_808da4b769e1,pfact_75bca17c2cc5,prod_efeb75b92560,REC_0071,Benev,Benev GF Series (GF-DNA),Growth Factors,device_energy,energy_wavelength: 200 nm,https://www.benev.com/exosome,2026-06-01T01:40:35+08:00
spec_469ac568fcc4,pfact_7f24ba2dd062,prod_efeb75b92560,REC_0071,Benev,Benev GF Series (GF-DNA),Growth Factors,volume_packaging,volume_or_fill: 30ml,https://www.benev.com/benev-skincare,2026-06-01T01:40:35+08:00
spec_30930b4a675d,pfact_c8f768a703cd,prod_13d2bdde8bc8,REC_0110,BioFormula,Cellulysis / Phosphatidylcholine,Body Contouring / Lipolysis,dose_strength,dose_or_unit: 12 units,https://bioformula.it/en/product/lipotene/,2026-06-01T01:40:35+08:00
spec_465e47ae1666,pfact_6a6e5b96ce1c,prod_d5b2f27e12d5,REC_0163,BioPlus,DeneB,Body Filler,volume_packaging,volume_or_fill: 10mL,https://bodyfillerkorea.com/,2026-06-01T01:40:35+08:00
spec_8d3c479b65b2,pfact_25a151323e53,prod_623cfce985b8,REC_0295,BioScience,Genefill,Soft Body Filler,commercial_certification,certification_claim: CE mark,https://www.genefill.com/,2026-06-01T01:40:35+08:00
spec_780f8ac30fd9,pfact_d200d97df4e4,prod_f9522eefaf9f,REC_0322,BioScience,HYAcorp,Body HA Filler,commercial_certification,certification_claim: CE mark,https://www.hyacorp.com/,2026-06-01T01:40:35+08:00
spec_781fb6a5eb00,pfact_67ad8cec8191,prod_f9522eefaf9f,REC_0322,BioScience,HYAcorp,Body HA Filler,volume_packaging,volume_or_fill: 1ml,https://www.bio-science.org/products/Body-Filler/HYAcorp-MLF1,2026-06-01T01:40:35+08:00
spec_b268d8c5b8f8,pfact_b64b857de837,prod_c949f5d8cd63,REC_0323,BioScience,HYAcorp Face / Lips,Facial Filler,dose_strength,dose_or_unit: 16.0 mg,http://hyacorp.co.uk/hyacorp-lips/,2026-06-01T01:40:35+08:00
spec_8bce8d0338b4,pfact_07340c13c404,prod_c949f5d8cd63,REC_0323,BioScience,HYAcorp Face / Lips,Facial Filler,dose_strength,dose_or_unit: 2.0 mg,http://hyacorp.co.uk/hyacorp-lips/,2026-06-01T01:40:35+08:00
spec_b5625d7e706d,pfact_66af5150f495,prod_c949f5d8cd63,REC_0323,BioScience,HYAcorp Face / Lips,Facial Filler,volume_packaging,volume_or_fill: 1 syringe,http://hyacorp.co.uk/hyacorp-face/,2026-06-01T01:40:35+08:00
spec_93d5ad2fde67,pfact_f3dabb664856,prod_c949f5d8cd63,REC_0323,BioScience,HYAcorp Face / Lips,Facial Filler,volume_packaging,volume_or_fill: 10.0 mL,http://hyacorp.co.uk/hyacorp-face/,2026-06-01T01:40:35+08:00
spec_53dc28eb2a2d,pfact_d369a506ffe7,prod_c949f5d8cd63,REC_0323,BioScience,HYAcorp Face / Lips,Facial Filler,volume_packaging,volume_or_fill: 2 syringes,http://hyacorp.co.uk/hyacorp-face/,2026-06-01T01:40:35+08:00
spec_449ce7852f0c,pfact_e51d075e334f,prod_facbf7fd2c9f,REC_0331,Biocyte,Hyaluronic Forte,口服透明质酸 (Oral HA),dose_strength,dose_or_unit: 300mg,https://biocyte.pt/,2026-06-01T01:40:35+08:00
spec_bd158d12ab55,pfact_d50793593434,prod_b10f6cd187fc,REC_0207,Bison Medical,Dual Accento,Dual Wavelength Laser,device_energy,energy_wavelength: 1064nm,https://www.aestheticsmedicallaser.com/,2026-06-01T01:40:35+08:00
spec_3fbad6f8cfae,pfact_70ea6e87cd33,prod_b10f6cd187fc,REC_0207,Bison Medical,Dual Accento,Dual Wavelength Laser,device_energy,energy_wavelength: 532nm,https://laserandaesthetics.co.uk/,2026-06-01T01:40:35+08:00
spec_d6273bb5097d,pfact_b6c78c563c4b,prod_b10f6cd187fc,REC_0207,Bison Medical,Dual Accento,Dual Wavelength Laser,device_energy,energy_wavelength: 755nm,https://laserandaesthetics.co.uk/,2026-06-01T01:40:35+08:00
spec_349b825f92f3,pfact_a5bce3a2e918,prod_24d5c6234a2f,REC_0308,Blue Moon,Great Shape / Epil Moon,Diode Laser,device_energy,energy_wavelength: 980nm,https://www.lasersbeauty.com/,2026-06-01T01:40:35+08:00
spec_3aaf83eadc1c,pfact_f12a315d246b,prod_5e2241593845,REC_0083,CMed Aesthetics,BioRePeelCl3 (FND / BODY),Biphasic TCA Peel,dose_strength,dose_or_unit: 20 UNITS,https://cmedaestheticsaustralia.com.au/collections/bioretherapy-face-body-peel,2026-06-01T01:40:35+08:00
spec_5f8d4a62d125,pfact_702381205ef2,prod_2fac7c8740e9,REC_0854,Candela,Vbeam Pro,Enhanced Pulsed Dye Laser,device_energy,energy_wavelength: 1064 nm,https://candelamedical.com/,2026-06-01T01:40:35+08:00
spec_46e536f4114e,pfact_72c57cb69bfa,prod_2fac7c8740e9,REC_0854,Candela,Vbeam Pro,Enhanced Pulsed Dye Laser,device_energy,energy_wavelength: 1064nm,https://candelamedical.com/patient/brands/vbeam/,2026-06-01T01:40:35+08:00
spec_24132ae8d0b2,pfact_98f65c1494ce,prod_2fac7c8740e9,REC_0854,Candela,Vbeam Pro,Enhanced Pulsed Dye Laser,device_energy,energy_wavelength: 595 nm,https://candelamedical.com/,2026-06-01T01:40:35+08:00
spec_1369b9cd4ad0,pfact_338422118bd2,prod_14411b4c02ed,REC_0858,Candela,CO2RE,CO2 Fractional Laser,commercial_certification,certification_claim: CE Marked,https://www.candelalaserus.com/solutions.html,2026-06-01T01:40:35+08:00
spec_493d2cdd2a66,pfact_f5b0cf05c1b0,prod_14411b4c02ed,REC_0858,Candela,CO2RE,CO2 Fractional Laser,commercial_certification,certification_claim: FDA Cleared,https://www.candelalaserus.com/solutions.html,2026-06-01T01:40:35+08:00
spec_cde6610552f9,pfact_c763c288d4e5,prod_14411b4c02ed,REC_0858,Candela,CO2RE,CO2 Fractional Laser,commercial_certification,certification_claim: ISO 13485,https://www.candelalaserus.com/solutions.html,2026-06-01T01:40:35+08:00
spec_1a526d601a01,pfact_8b4812d9404a,prod_95127b4e1783,REC_0497,Candela,Nordlys,IPL / Multi-platform,device_energy,energy_wavelength: 755 nm,https://candelamedical.com/about-candela/,2026-06-01T01:40:35+08:00
spec_0b996701e0df,pfact_e183ec4dcdb7,prod_d56692199d2a,REC_0547,Candela,PicoWay,Picosecond Laser,device_energy,energy_wavelength: 532 nm,https://candelamedical.com/ppc/behindthepulse/,2026-06-01T01:40:35+08:00
spec_f239ec2e0acb,pfact_3d24ff50e261,prod_d56692199d2a,REC_0547,Candela,PicoWay,Picosecond Laser,device_energy,energy_wavelength: 785 nm,https://candelamedical.com/ppc/skinofcolor/,2026-06-01T01:40:35+08:00
spec_4d0c0851510d,pfact_6057021a784b,prod_8def999a07ac,REC_0855,Candela,Vbeam Prima,Dual-Wavelength PDL,commercial_certification,certification_claim: CE Mark,https://candelamedical.com/patient/brands/vbeam/,2026-06-01T01:40:35+08:00
spec_88cb4d01bd9c,pfact_edc0a1232445,prod_726619d6762a,REC_0737,Candela,Vbeam Prima / Perfecta,Pulsed Dye Laser (PDL),device_energy,energy_wavelength: 1064 nm,https://candelamedical.com/products/vbeam-pulsed-dye-laser/,2026-06-01T01:40:35+08:00
spec_4916f08a82a0,pfact_2817ce267afd,prod_e6f95ed73f12,REC_0753,Canfield Scientific,VISIA Gen7 / Gen8,Skin Analysis,commercial_certification,certification_claim: ISO 13485,https://canfieldscientific.com/,2026-06-01T01:40:35+08:00
spec_13e5522eee8b,pfact_456c5fb8a83f,prod_ede0e17a78bc,REC_0350,Canfield Scientific,IntelliStudio / DermaGraphix,Total Body Photography,commercial_certification,certification_claim: ISO 13485,https://www.canfieldsci.com/,2026-06-01T01:40:35+08:00
spec_fb0c99ae70c2,pfact_389998ab246f,prod_3db628294f2c,REC_0933,Caregen,Dermaheal,Dermaheal,commercial_certification,certification_claim: ISO 13485,http://dermaheal.co.kr/,2026-06-01T01:40:35+08:00
spec_f880bb3ff64c,pfact_c99036afecd6,prod_a8401ea0624d,REC_0108,Cha Meditech,Celltermi,Skin Booster,dose_strength,dose_or_unit: 270mg,http://www.cha-meditech.co.kr/en/Products/Review.aspx,2026-06-01T01:40:35+08:00
spec_9ab509b7bfed,pfact_ef44c0e8077d,prod_a8401ea0624d,REC_0108,Cha Meditech,Celltermi,Skin Booster,volume_packaging,volume_or_fill: 3 ml,http://www.cha-meditech.co.kr/en/Products/Review.aspx,2026-06-01T01:40:35+08:00
spec_2a344a2e7640,pfact_727b0b0f472a,prod_a3c4c96b3cb0,REC_0325,Cha Meditech,HyaFilia,HA Dermal Filler,dose_strength,dose_or_unit: 3.0 mg,https://chamt.co.kr/Products/Classic.aspx,2026-06-01T01:40:35+08:00
spec_db7dac1f320b,pfact_16ecb23cf133,prod_a3c4c96b3cb0,REC_0325,Cha Meditech,HyaFilia,HA Dermal Filler,dose_strength,dose_or_unit: 3.2 mg,https://chamt.co.kr/Products/Classic.aspx,2026-06-01T01:40:35+08:00
spec_16a3daf2cc7e,pfact_e4bb026612a5,prod_a3c4c96b3cb0,REC_0325,Cha Meditech,HyaFilia,HA Dermal Filler,volume_packaging,volume_or_fill: 1ml,https://chamt.co.kr/Products/Classic.aspx,2026-06-01T01:40:35+08:00
spec_2e6ea8b928f9,pfact_f8ae775e9ea7,prod_fca98d0ecf02,REC_0326,Cha Meditech,HyaFilia ME:DAM,HA Dermal Filler,volume_packaging,volume_or_fill: 1ml,https://chamt.co.kr/Products/Classic.aspx,2026-06-01T01:40:35+08:00
spec_eb65107c5afc,pfact_cea00988a743,prod_ebfe4e4ad1e7,REC_0124,Christina Cosmeceuticals,Comodex,Comodex Treatment,volume_packaging,volume_or_fill: 250 ml,https://christina-cosmeceuticals.com/collections/comodex,2026-06-01T01:40:35+08:00
spec_1c2efab30b23,pfact_a05902c8574c,prod_bf4e77a75376,REC_0621,Christina Cosmeceuticals,Rose de Mer,Rose de Mer Peeling,volume_packaging,volume_or_fill: 30ml,https://christina-cosmeceuticals.com/products/rose-de-mer-peeling-soap-pro,2026-06-01T01:40:35+08:00
spec_c4bf97c87f5b,pfact_87568a5bf2ce,prod_bf4e77a75376,REC_0621,Christina Cosmeceuticals,Rose de Mer,Rose de Mer Peeling,volume_packaging,volume_or_fill: 75 ml,https://christina-cosmeceuticals.com/collections/rose-de-mer,2026-06-01T01:40:35+08:00
spec_6a3f1ad7fa77,pfact_a1015a8e0a5e,prod_f3ac7de00cf3,REC_0723,Classys,Ultraformer III / MPT (Shurink),HIFU (Ultrasound),device_energy,energy_wavelength: 60Hz,https://classys.com/product_category/body/,2026-06-01T01:40:35+08:00
spec_2275206f432b,pfact_4537e4449c82,prod_63a2fcd1ee8d,REC_0019,Cliniccare,AHA / BHA Peels,Chemical Peel,volume_packaging,volume_or_fill: 100ml,https://cliniccare-de.com/shop/professional-care/pure-peel/,2026-06-01T01:40:35+08:00
spec_b192a9547400,pfact_c95cbf9cee68,prod_63a2fcd1ee8d,REC_0019,Cliniccare,AHA / BHA Peels,Chemical Peel,volume_packaging,volume_or_fill: 30ML,https://cliniccare.se/chemical-peels/glow-peel,2026-06-01T01:40:35+08:00
spec_1b79fcf11b42,pfact_975a810f2801,prod_63a2fcd1ee8d,REC_0019,Cliniccare,AHA / BHA Peels,Chemical Peel,volume_packaging,volume_or_fill: 50ML,https://cliniccare.se/chemical-peels/refresh-peel,2026-06-01T01:40:35+08:00
spec_1a68875a76a2,pfact_0475ccc2b7c9,prod_ba2124d5992a,REC_0225,Cocoon Medical,Elysion-Pro,Diode Laser,device_energy,energy_wavelength: 1064nm,https://www.cocoonlaser.com/products,2026-06-01T01:40:35+08:00
spec_271f87c1e5dd,pfact_fab7e5f19eaf,prod_255de62d6327,REC_0561,Cocoon Medical,Primelase HR excellence,Diode Laser,device_energy,energy_wavelength: 1064nm,https://www.cocoonlaser.com/products,2026-06-01T01:40:35+08:00
spec_fac8dc436c14,pfact_b205617419d5,prod_ce8125425c4c,REC_0101,Contura,Bulkamid,Bulking Agent,commercial_certification,certification_claim: ISO 13485,https://contura.com/history/,2026-06-01T01:40:35+08:00
spec_ec65a81d4313,pfact_8f50c2f2962b,prod_ce8125425c4c,REC_0101,Contura,Bulkamid,Bulking Agent,commercial_certification,certification_claim: MDR,http://contura.com/urinaryincontinence/,2026-06-01T01:40:35+08:00
spec_d871dcecca06,pfact_d86bf813d595,prod_ce8125425c4c,REC_0101,Contura,Bulkamid,Bulking Agent,volume_packaging,volume_or_fill: 1 mL,http://www.bulkamid.com/,2026-06-01T01:40:35+08:00
spec_0f55289e3dd3,pfact_319872cd7029,prod_b3ddb0a7078e,REC_0045,Contura,Aquamid (Reconstruction),Polyacrylamide Hydrogel,commercial_certification,certification_claim: ISO 13485,https://contura.com/history/,2026-06-01T01:40:35+08:00
spec_e431834ad810,pfact_079b743e1371,prod_147bcefb8ca0,REC_0567,Crown,ProGen PRP,Platelet-Rich Plasma,volume_packaging,volume_or_fill: 30mL,https://crownaesthetics.com/wp-content/uploads/2020/03/PG_QuickStartGuide_ELMI-200129.pdf,2026-06-01T01:40:35+08:00
spec_426e9553fcb1,pfact_2b26796e468f,prod_5262ed1dfcc4,REC_0831,Cutera,Secret PRO,RF Microneedling + CO2 Laser,device_energy,energy_wavelength: 1540 nm,https://cuteraconnection.com.au/,2026-06-01T01:40:35+08:00
spec_76cad9a3be4e,pfact_bce50a3f0f3b,prod_8357a6e1f49e,REC_0824,Cynosure,eCO2 3D,Next-Gen CO2 Fractional,device_energy,energy_wavelength: 1550nm,https://www.cynosure.com/for-providers/products/?type=15,2026-06-01T01:40:35+08:00
spec_488fffd21324,pfact_9a07e6fbe2f9,prod_09aa10d3943a,REC_0669,DEKA,SmartXide (Touch / Punto),CO2 Laser,device_energy,energy_wavelength: 100 Hz,https://www.dekalaser.fr/,2026-06-01T01:40:35+08:00
spec_6bb065aecdbc,pfact_d68aca5024a1,prod_09aa10d3943a,REC_0669,DEKA,SmartXide (Touch / Punto),CO2 Laser,device_energy,energy_wavelength: 30 W,https://www.dekalaser.fr/,2026-06-01T01:40:35+08:00
spec_fdae0b3331cb,pfact_50559a522fcc,prod_09aa10d3943a,REC_0669,DEKA,SmartXide (Touch / Punto),CO2 Laser,device_energy,energy_wavelength: 80W,https://technologies.dekalaser.com/en-GB/product.aspx?Item=samrt1,2026-06-01T01:40:35+08:00
spec_513088138626,pfact_20c30e8697b4,prod_09aa10d3943a,REC_0669,DEKA,SmartXide (Touch / Punto),CO2 Laser,material_or_ingredient,composition: CO2,https://www.dekalaser.fr/,2026-06-01T01:40:35+08:00
spec_a14f5aba04ec,pfact_49f5d21ae081,prod_16a3d4775c95,REC_0158,DEKA,Deka,Renaissance / SmartXide,device_energy,energy_wavelength: 675 nm,https://dekalaser.com/product-search/,2026-06-01T01:40:35+08:00
spec_30f83d76daba,pfact_10239c128793,prod_16a3d4775c95,REC_0158,DEKA,Deka,Renaissance / SmartXide,device_energy,energy_wavelength: 755 nm,https://dekalaser.com/product-search/,2026-06-01T01:40:35+08:00
spec_619c27520d46,pfact_f4720dc473d0,prod_16a3d4775c95,REC_0158,DEKA,Deka,Renaissance / SmartXide,device_energy,energy_wavelength: 85 nm,https://dekalaser.com/product-search/,2026-06-01T01:40:35+08:00
spec_6a90ba271cb9,pfact_c443bf46a752,prod_38970f165cf3,REC_0468,DEKA,Motus AX / AY,Alexandrite Laser,device_energy,energy_wavelength: 755 nm,https://dekalaser.com/products/motus-ax/,2026-06-01T01:40:35+08:00
spec_7ef8227a5115,pfact_8563a0dde8b7,prod_4a55b313638e,REC_0897,DEKA,Motus PRO,MOVEO Pain-Free Hair Removal,device_energy,energy_wavelength: 1064 nm,https://deka-beauty.de/motus-pro,2026-06-01T01:40:35+08:00
spec_98d9baa7c479,pfact_6d4b46216c40,prod_1ce5f9b8db37,REC_0259,DFK Biolab,Exo One,Exosomes,volume_packaging,volume_or_fill: 2vials,https://sbodyline.com/shop/ireju-xo-prime/,2026-06-01T01:40:35+08:00
spec_f1d67fe7e547,pfact_418d3f367ac6,prod_1ce5f9b8db37,REC_0259,DFK Biolab,Exo One,Exosomes,volume_packaging,volume_or_fill: 3 vial,https://sbodyline.com/shop/ireju-xo-prime/,2026-06-01T01:40:35+08:00
spec_dc705e9bab9e,pfact_5354fafd9e49,prod_f80e1322cc26,REC_0636,DFK Biolab,S-DNA,PDRN / Skin Booster,volume_packaging,volume_or_fill: 10 syringes,https://sbodyline.com/shop/,2026-06-01T01:40:35+08:00
spec_74665ca2498e,pfact_79285538cce4,prod_f80e1322cc26,REC_0636,DFK Biolab,S-DNA,PDRN / Skin Booster,volume_packaging,volume_or_fill: 15 vial,https://sbodyline.com/shop/,2026-06-01T01:40:35+08:00
spec_94d7928e72a3,pfact_344adef41292,prod_f80e1322cc26,REC_0636,DFK Biolab,S-DNA,PDRN / Skin Booster,volume_packaging,volume_or_fill: 5ml,https://sbodyline.com/shop/sardenya-nucleo-plus-with-lidocaine-2/,2026-06-01T01:40:35+08:00
spec_0497335ecd3d,pfact_d8866f3ed38e,prod_503047b92460,REC_0193,DSD Pharm,Dixidox de Luxe (Classic Line),Trichology,volume_packaging,volume_or_fill: 100 ml,https://dsddeluxe.nl/collections/dsd-de-luxe-classics,2026-06-01T01:40:35+08:00
spec_c9a76d07173f,pfact_7041a51e3bf4,prod_503047b92460,REC_0193,DSD Pharm,Dixidox de Luxe (Classic Line),Trichology,volume_packaging,volume_or_fill: 2 ml,https://dsddeluxe.lv/recommended-therapy/en,2026-06-01T01:40:35+08:00
spec_cc82645fd7de,pfact_44197a88f5bb,prod_503047b92460,REC_0193,DSD Pharm,Dixidox de Luxe (Classic Line),Trichology,volume_packaging,volume_or_fill: 200 ml,https://dsddeluxe.nl/collections/dsd-de-luxe-classics,2026-06-01T01:40:35+08:00
spec_9462eef935b8,pfact_19503f989952,prod_56c13ebad4cb,REC_0095,DSD Pharm,Botox Like Hair Therapy,Hair Structure,volume_packaging,volume_or_fill: 150 ml,https://dsddeluxe.de/,2026-06-01T01:40:35+08:00
spec_a64bbc87b3e3,pfact_56a8665db22a,prod_59ecfbda235c,REC_0630,DSD Pharm,Scalp Peeling (1.3),Scalp Detox,volume_packaging,volume_or_fill: 200 ml,https://dsddeluxe.de/en/shop/1-3-peeling-240,2026-06-01T01:40:35+08:00
spec_e5c70cae678d,pfact_7966ef24947c,prod_59ecfbda235c,REC_0630,DSD Pharm,Scalp Peeling (1.3),Scalp Detox,volume_packaging,volume_or_fill: 500 ml,https://dsddeluxe.de/en/shop/1-3-peeling-240,2026-06-01T01:40:35+08:00
spec_2196747a9a5f,pfact_da9094ea6b19,prod_7aaee3d51236,REC_0202,Daejoo,Dr. DMA / PDRN Injection,Mesotherapy,volume_packaging,volume_or_fill: 5mL,https://pdrn.care/,2026-06-01T01:40:35+08:00
spec_331468d1380e,pfact_b426c953273f,prod_9060828d2c15,REC_0473,Daewoong,Nabota (Jeuveau / Nuceiva),Botulinum Toxin,dose_strength,dose_or_unit: 100 IU,https://daewoongpharm.id/product/biologics,2026-06-01T01:40:35+08:00
spec_4346715ba8d4,pfact_439659e0ad0d,prod_9060828d2c15,REC_0473,Daewoong,Nabota (Jeuveau / Nuceiva),Botulinum Toxin,dose_strength,dose_or_unit: 200Units,https://daewoong.com/,2026-06-01T01:40:35+08:00
spec_2c0b87f2cfb6,pfact_fcec93606e87,prod_9060828d2c15,REC_0473,Daewoong,Nabota (Jeuveau / Nuceiva),Botulinum Toxin,dose_strength,dose_or_unit: 2019.02 U,https://www.nabotasea.com/,2026-06-01T01:40:35+08:00
spec_3bf9f3cbc231,pfact_9d2b3f122f51,prod_9060828d2c15,REC_0473,Daewoong,Nabota (Jeuveau / Nuceiva),Botulinum Toxin,material_or_ingredient,composition: Botulinum Toxin,https://daewoongpharm.id/product/biologics,2026-06-01T01:40:35+08:00
spec_c277a98c2973,pfact_39faed67fbce,prod_6b766e97c020,REC_0756,Daewoong,V-OLET,Lipolysis,dose_strength,dose_or_unit: 20mg,https://www.daewoong.com/,2026-06-01T01:40:35+08:00
spec_a8f9962581c9,pfact_266962e5d2a7,prod_6b766e97c020,REC_0756,Daewoong,V-OLET,Lipolysis,volume_packaging,volume_or_fill: 2mL,https://daewoong.com/,2026-06-01T01:40:35+08:00
spec_27cfa4a8f159,pfact_5699375d853b,prod_d78173da6a54,REC_0372,Dermaceutic,K Ceutic / Hyal Ceutic,Post-Procedure,volume_packaging,volume_or_fill: 12Ml,https://dermaceutic.ca/product/hyal-ceutic/,2026-06-01T01:40:35+08:00
spec_b1f79cd2c6d9,pfact_6413c8c30627,prod_d78173da6a54,REC_0372,Dermaceutic,K Ceutic / Hyal Ceutic,Post-Procedure,volume_packaging,volume_or_fill: 40ml,https://dermaceutic.com.hk/,2026-06-01T01:40:35+08:00
spec_f6c144e45514,pfact_b33944586b7b,prod_4acb60be124e,REC_0712,Dermalux,Tri-Wave MD,LED Phototherapy,device_energy,energy_wavelength: 2NM,https://dermaluxled.com/tri-wave-md-led/,2026-06-01T01:40:35+08:00
spec_1b8518ed57b9,pfact_4630e2ae31f3,prod_4acb60be124e,REC_0712,Dermalux,Tri-Wave MD,LED Phototherapy,device_energy,energy_wavelength: 415NM,https://dermaluxled.com/tri-wave-md-led/,2026-06-01T01:40:35+08:00
spec_d3a94931e890,pfact_fb77a4c32086,prod_4acb60be124e,REC_0712,Dermalux,Tri-Wave MD,LED Phototherapy,device_energy,energy_wavelength: 633NM,https://dermaluxled.com/tri-wave-md-led/,2026-06-01T01:40:35+08:00
spec_1beaccab5a28,pfact_b79c7faee888,prod_3eeb761e39e2,REC_0169,DermapenWorld,Dermapen 4,Microneedling,volume_packaging,volume_or_fill: 250ml,https://www.dermapenworld.com/en-rw/dermapen-professional/dermapen4-sos-kits,2026-06-01T01:40:35+08:00
spec_1e6852cf8e29,pfact_3cb242054938,prod_db11de963271,REC_0493,Dermaroller,New Natural Line / XCellarisPRO,Professional Skincare,commercial_certification,certification_claim: ISO 13485,https://www.dermaroller.com/en/about,2026-06-01T01:40:35+08:00
spec_3fd43999313b,pfact_2d8269fb0e02,prod_db11de963271,REC_0493,Dermaroller,New Natural Line / XCellarisPRO,Professional Skincare,device_energy,energy_wavelength: 8480 W,https://xcellarispro.com/,2026-06-01T01:40:35+08:00
spec_bdc902119290,pfact_e7bc0f6c7865,prod_a08ab337e76d,REC_0186,Dermoaroma,Dermoaroma PDRN,Mesotherapy,dose_strength,dose_or_unit: 2mg,https://pdrn.care/treatments/pdrn-injection/,2026-06-01T01:40:35+08:00
spec_ef503b250a9a,pfact_fd516a51d8dc,prod_23d1b4d66f80,REC_0260,Dermoaroma,ExoComplex,Exosomes,volume_packaging,volume_or_fill: 0.4 ml,https://dermoaroma.com/technology/,2026-06-01T01:40:35+08:00
spec_d02f6fa7ea50,pfact_6ad5cf0aa86d,prod_23d1b4d66f80,REC_0260,Dermoaroma,ExoComplex,Exosomes,volume_packaging,volume_or_fill: 0.5 ml,https://dermoaroma.com/technology/,2026-06-01T01:40:35+08:00
spec_784948a418bc,pfact_06bb68b3d30c,prod_db8da6ea306d,REC_0191,Dives Med,Dives Filler (Universal / Volume),HA Dermal Filler,dose_strength,dose_or_unit: 20mg,https://divesmed.me/,2026-06-01T01:40:35+08:00
spec_6e596f2a2921,pfact_97d81daed63a,prod_d3653ff5a469,REC_0112,Dongkook Pharma,Centellian24 (Madeca Cream),Cosmeceuticals,volume_packaging,volume_or_fill: 15ml,https://centellian24.com/pages/brand,2026-06-01T01:40:35+08:00
spec_9d423b40735c,pfact_072fd6951306,prod_d3653ff5a469,REC_0112,Dongkook Pharma,Centellian24 (Madeca Cream),Cosmeceuticals,volume_packaging,volume_or_fill: 50ml,https://centellian24.com/pages/brand,2026-06-01T01:40:35+08:00
spec_a7ebe7540da7,pfact_3b6d1cfbe964,prod_18ed9d22f745,REC_0197,Dr. Babor,DOCTOR BABOR / PRO,Cosmeceuticals,volume_packaging,volume_or_fill: 100 ml,https://at.babor.com/,2026-06-01T01:40:35+08:00
spec_07ef26d24504,pfact_df1f2a772eb6,prod_18ed9d22f745,REC_0197,Dr. Babor,DOCTOR BABOR / PRO,Cosmeceuticals,volume_packaging,volume_or_fill: 1000ml,https://at.babor.com/,2026-06-01T01:40:35+08:00
spec_cd1163e62ffc,pfact_7b9687b26284,prod_18ed9d22f745,REC_0197,Dr. Babor,DOCTOR BABOR / PRO,Cosmeceuticals,volume_packaging,volume_or_fill: 15 ml,https://at.babor.com/,2026-06-01T01:40:35+08:00
spec_b7e194f90048,pfact_7fbd626790f6,prod_904761e21bec,REC_0061,Dr. Babor,BABOR Ampoules,Ampoule Concentrates,volume_packaging,volume_or_fill: 14 ml,https://uk.babor.com/,2026-06-01T01:40:35+08:00
spec_14c0ef895fde,pfact_d202fed90ade,prod_904761e21bec,REC_0061,Dr. Babor,BABOR Ampoules,Ampoule Concentrates,volume_packaging,volume_or_fill: 2 ml,https://my.babor.com/promotions/newampoule,2026-06-01T01:40:35+08:00
spec_92eb032aec6c,pfact_39eee875572a,prod_904761e21bec,REC_0061,Dr. Babor,BABOR Ampoules,Ampoule Concentrates,volume_packaging,volume_or_fill: 28 ml,https://za.babor.com/,2026-06-01T01:40:35+08:00
spec_a1f86c9c139e,pfact_33b5d1119393,prod_4ca2005d07dc,REC_0204,Dr. PRP,Dr. PRP Centrifuge,Centrifuge,commercial_certification,certification_claim: MDR,https://www.prpfirst.com/,2026-06-01T01:40:35+08:00
spec_a5f6a4861091,pfact_4403f51ffd73,prod_4ca2005d07dc,REC_0204,Dr. PRP,Dr. PRP Centrifuge,Centrifuge,volume_packaging,volume_or_fill: 20 ml,http://progenprp.com/,2026-06-01T01:40:35+08:00
spec_2b5869062c06,pfact_7c47d45759b3,prod_4ca2005d07dc,REC_0204,Dr. PRP,Dr. PRP Centrifuge,Centrifuge,volume_packaging,volume_or_fill: 20cc,https://www.drprpusa.com/how-to-make-prf-using-drprp-kit.html,2026-06-01T01:40:35+08:00
spec_aab170a99121,pfact_7409fbf406d0,prod_7e29af20abe6,REC_0205,Dr. PRP,Dr. PRP Kit,PRP Kit,volume_packaging,volume_or_fill: 10cc,https://www.drprpusa.com/prp-separation-kit.html,2026-06-01T01:40:35+08:00
spec_5afea885d323,pfact_12b4da05b6b6,prod_7e29af20abe6,REC_0205,Dr. PRP,Dr. PRP Kit,PRP Kit,volume_packaging,volume_or_fill: 15cc,https://www.drprpusa.com/prp-separation-kit.html,2026-06-01T01:40:35+08:00
spec_440373fd5e1d,pfact_64d5dbc8446b,prod_7e29af20abe6,REC_0205,Dr. PRP,Dr. PRP Kit,PRP Kit,volume_packaging,volume_or_fill: 17cc,https://www.drprpusa.com/dr-prp-difference.html,2026-06-01T01:40:35+08:00
spec_7881db080fd7,pfact_d0867fafceea,prod_dbc971ebb3e8,REC_0160,El.En.,DEKA,Onda (Coolwaves),device_energy,energy_wavelength: 113w,https://www.thecoolwaves.com/,2026-06-01T01:40:35+08:00
spec_6ba262f8f799,pfact_058cab931b24,prod_dbc971ebb3e8,REC_0160,El.En.,DEKA,Onda (Coolwaves),device_energy,energy_wavelength: 200 W,https://ondacoolwaves.be/,2026-06-01T01:40:35+08:00
spec_c18cd56ca0d5,pfact_7458246fd704,prod_dbc971ebb3e8,REC_0160,El.En.,DEKA,Onda (Coolwaves),device_energy,energy_wavelength: 226w,https://www.thecoolwaves.com/,2026-06-01T01:40:35+08:00
spec_9db5583dbda4,pfact_bff1ff00ad95,prod_6130d2c34ac5,REC_0162,El.En.,DEKA,Again PRO,device_energy,energy_wavelength: 125 W,https://www.dekalaser.fr/,2026-06-01T01:40:35+08:00
spec_6023ded235d8,pfact_c11d1fa088fb,prod_6130d2c34ac5,REC_0162,El.En.,DEKA,Again PRO,device_energy,energy_wavelength: 755 nm,https://www.dekalaser.fr/,2026-06-01T01:40:35+08:00
spec_468d93260cc7,pfact_4decfaa95545,prod_aee7452328e9,REC_0053,El.En.,Asclepion,QuadroStar PRO,device_energy,energy_wavelength: 532nm,https://asclepionuk.com/medical-aesthetic-devices/quadrostarpro-vascular-aesthetic/,2026-06-01T01:40:35+08:00
spec_caececf107c6,pfact_86759fd6068f,prod_16627855997a,REC_0161,El.En.,DEKA,RedTouch PRO,device_energy,energy_wavelength: 675 nm,https://technologies.dekalaser.com/en-GB/productdocuments.aspx?item=Redtouch_Pro&showFooter=false&showHeader=false,2026-06-01T01:40:35+08:00
spec_4e79c6c8976d,pfact_600caaefd0ba,prod_ed5f1dec6ea7,REC_0584,El.En.,Quanta System,Discovery PICO Series,device_energy,energy_wavelength: 10 Hz,https://www.quanta-thailand.com/?project=discovery-pico,2026-06-01T01:40:35+08:00
spec_a9789a4f1038,pfact_852cf1e157d6,prod_ed5f1dec6ea7,REC_0584,El.En.,Quanta System,Discovery PICO Series,device_energy,energy_wavelength: 3 Hz,https://www.quanta-thailand.com/?project=discovery-pico,2026-06-01T01:40:35+08:00
spec_aebbcddbaaf2,pfact_ec13003f13e3,prod_b0d4ee4e961a,REC_0585,El.En.,Quanta System,Thunder MT,device_energy,energy_wavelength: 10Hz,https://quantalaser.co.uk/thunder/,2026-06-01T01:40:35+08:00
spec_11fffce87166,pfact_7f7e4f99632e,prod_b0d4ee4e961a,REC_0585,El.En.,Quanta System,Thunder MT,device_energy,energy_wavelength: 15Hz,https://quantalaser.co.uk/thunder/,2026-06-01T01:40:35+08:00
spec_22adb67f0a53,pfact_a6a7fe2abb70,prod_86ec90940bba,REC_0383,Eltech K-Laser,K-Laser,Blue Derma,device_energy,energy_wavelength: 660 nm,https://www.dermat.be/,2026-06-01T01:40:35+08:00
spec_7c7b3e11899a,pfact_d5e885b55fba,prod_86ec90940bba,REC_0383,Eltech K-Laser,K-Laser,Blue Derma,device_energy,energy_wavelength: 970 nm,https://www.dermat.be/,2026-06-01T01:40:35+08:00
spec_2b38ccdb260d,pfact_d1ab777a4a27,prod_f78f5b107434,REC_0955,EndyMed Medical,NEO,EndyMed NEO,commercial_certification,certification_claim: FDA cleared,https://endymed.com/products/,2026-06-01T01:40:35+08:00
spec_e72fe66bbc81,pfact_ad185d13a983,prod_70c7c531e824,REC_0234,Eneomey,Eneomey,Purify Cleanser / Masque,volume_packaging,volume_or_fill: 150ml,https://eneomey.client.pk3.io/en/programs/26070-purifying-program.html,2026-06-01T01:40:35+08:00
spec_4f57a4698589,pfact_6498e6c65bf2,prod_70c7c531e824,REC_0234,Eneomey,Eneomey,Purify Cleanser / Masque,volume_packaging,volume_or_fill: 30ml,https://eneomey.client.pk3.io/en/programs/26070-purifying-program.html,2026-06-01T01:40:35+08:00
spec_dcfaf0525a88,pfact_e36de79c015f,prod_70c7c531e824,REC_0234,Eneomey,Eneomey,Purify Cleanser / Masque,volume_packaging,volume_or_fill: 50ml,https://eneomey.client.pk3.io/en/programs/26070-purifying-program.html,2026-06-01T01:40:35+08:00
spec_4c0adb819f7f,pfact_88f63e97c0b3,prod_e815c527e7dd,REC_1012,Establishment Labs,Motiva,Motiva Ergonomix,commercial_certification,certification_claim: FDA cleared,https://motivaimplants.com/why-motiva/innovation-for-enhanced-safety/,2026-06-01T01:40:35+08:00
spec_4b277620e65e,pfact_12a244c4315f,prod_d2c2b45d71e0,REC_0243,Eufoton Medical Lasers,Eufoton,LASEmaR 1500 (Endolift),device_energy,energy_wavelength: 15 W,https://www.endolift.uno/en/,2026-06-01T01:40:35+08:00
spec_8736d14258e5,pfact_7113cd7acbbc,prod_e6660a11bb09,REC_0255,Evolus,Evolysse,Evolysse Lift / Smooth,volume_packaging,volume_or_fill: 1.2 mL,https://evolysse.evolus.com/evolysse-difference,2026-06-01T01:40:35+08:00
spec_f4a65697c821,pfact_43513985abab,prod_55e238c32bec,REC_0364,Evolus,Jeuveau/Nuceiva,Jeuveau (PrabotulinumtoxinA-xvfs),dose_strength,dose_or_unit: 20 units,https://jeuveau.evolus.com/,2026-06-01T01:40:35+08:00
spec_7414f5991b2c,pfact_6d2bcb5294ff,prod_55e238c32bec,REC_0364,Evolus,Jeuveau/Nuceiva,Jeuveau (PrabotulinumtoxinA-xvfs),material_or_ingredient,composition: onabotulinumtoxinA,https://jeuveau.evolus.com/how-it-works,2026-06-01T01:40:35+08:00
spec_8c745a21efef,pfact_d8a732e76389,prod_caab8c505c94,REC_0048,Fillmed,Art Filler,Art Filler (Universal/Volume/Lips),commercial_certification,certification_claim: MDR,https://fillmed.com/regulatory-materials/,2026-06-01T01:40:35+08:00
spec_e0fab78c9557,pfact_2bfdfc8c20b8,prod_c22131b4ce4c,REC_0477,Fillmed,NCTF,NCTF 135 HA,commercial_certification,certification_claim: CE MARKED,https://fillmed.com/wp-content/uploads/2025/04/USER-LEAFLET-NCTF-1.pdf,2026-06-01T01:40:35+08:00
spec_19bee09b634a,pfact_79c9b6b23bf8,prod_c22131b4ce4c,REC_0477,Fillmed,NCTF,NCTF 135 HA,volume_packaging,volume_or_fill: 5 vials,https://fillmed.com/wp-content/uploads/2024/10/FO.69_SSCP_NCTF-135-HA_2024.07.16.pdf,2026-06-01T01:40:35+08:00
spec_ebce80834a1f,pfact_945cb8504384,prod_635571c0f47a,REC_0272,FineMEC,FineMEC,Nobleen,device_energy,energy_wavelength: 1064nm,http://finemecglobal.net/,2026-06-01T01:40:35+08:00
spec_d0de05955f58,pfact_be160f25d7ac,prod_635571c0f47a,REC_0272,FineMEC,FineMEC,Nobleen,device_energy,energy_wavelength: 755nm,http://finemecglobal.net/,2026-06-01T01:40:35+08:00
spec_0b810b667c46,pfact_fcdd5a9cf591,prod_c86e43d32fd2,REC_0279,FotoFinder Systems,FotoFinder,ATBM master,commercial_certification,certification_claim: ISO 13485,https://fotofinder.co.za/,2026-06-01T01:40:35+08:00
spec_2e013b5a0256,pfact_743c44091630,prod_c86e43d32fd2,REC_0279,FotoFinder Systems,FotoFinder,ATBM master,commercial_certification,certification_claim: MDR,https://www.fotofinder-systems.com/,2026-06-01T01:40:35+08:00
spec_5e86788a113a,pfact_5d5584953b03,prod_2202245895cb,REC_0183,FotoFinder Systems,DermLite,DL5 / DL4,commercial_certification,certification_claim: ISO 13485,https://www.fotofinder.de/en/,2026-06-01T01:40:35+08:00
spec_c64db033c25b,pfact_0185dbfb0dee,prod_ced9c2685e0e,REC_0280,Fotona d.o.o.,Fotona,SP Dynamis (4D Pro),commercial_certification,certification_claim: CE marked,https://www.fotona.com/us/products/,2026-06-01T01:40:35+08:00
spec_d7e542197b8a,pfact_cb304a3686ce,prod_ced9c2685e0e,REC_0280,Fotona d.o.o.,Fotona,SP Dynamis (4D Pro),device_energy,energy_wavelength: 1064 nm,https://fotona.com/en/treatments/2045/fotona4d-r,2026-06-01T01:40:35+08:00
spec_8cdf0be41527,pfact_61f6b4d4020b,prod_ced9c2685e0e,REC_0280,Fotona d.o.o.,Fotona,SP Dynamis (4D Pro),device_energy,energy_wavelength: 2940 nm,https://fotona.com/en/treatments/2045/fotona4d-r,2026-06-01T01:40:35+08:00
spec_e166c9a154ff,pfact_c9046a6b30ee,prod_ced9c2685e0e,REC_0280,Fotona d.o.o.,Fotona,SP Dynamis (4D Pro),device_energy,energy_wavelength: 4343 W,https://www.fotona.com/us/products/,2026-06-01T01:40:35+08:00
spec_8170408c2bf1,pfact_f39b7ada15bd,prod_53a408d41803,REC_0996,Fotona d.o.o.,Fotona,SP Dynamis Pro,commercial_certification,certification_claim: CE marked,https://www.fotona.com/us/products/,2026-06-01T01:40:35+08:00
spec_17cbbf84ef48,pfact_a8c97a50eedc,prod_53a408d41803,REC_0996,Fotona d.o.o.,Fotona,SP Dynamis Pro,device_energy,energy_wavelength: 4343 W,https://www.fotona.com/us/products/,2026-06-01T01:40:35+08:00
spec_be2af494aa21,pfact_5aa013fb6855,prod_a3dbf7c2947a,REC_0281,Fotona d.o.o.,Fotona,StarWalker MaQX,device_energy,energy_wavelength: 1064 nm,https://www.fotona.com/media/documents/aesthetics/brochures/97370_starwalker_maqx___qx_brochure_web.pdf,2026-06-01T01:40:35+08:00
spec_d1dee9bb4ebf,pfact_0ad12c631a44,prod_a3dbf7c2947a,REC_0281,Fotona d.o.o.,Fotona,StarWalker MaQX,device_energy,energy_wavelength: 532 nm,https://www.fotona.com/media/documents/aesthetics/brochures/97370_starwalker_maqx___qx_brochure_web.pdf,2026-06-01T01:40:35+08:00
spec_ce7d18163f8d,pfact_1e422bdc5d6c,prod_a3dbf7c2947a,REC_0281,Fotona d.o.o.,Fotona,StarWalker MaQX,device_energy,energy_wavelength: 585 nm,https://www.fotona.com/media/documents/aesthetics/brochures/97370_starwalker_maqx___qx_brochure_web.pdf,2026-06-01T01:40:35+08:00
spec_d21fdac5a034,pfact_e71872dc16a9,prod_dd2c5aeea2eb,REC_0282,Fotona d.o.o.,Fotona,TimeWalker,commercial_certification,certification_claim: CE marked,https://www.fotona.com/us/products/,2026-06-01T01:40:35+08:00
spec_106d04aefd8b,pfact_a6e040c44e8a,prod_dd2c5aeea2eb,REC_0282,Fotona d.o.o.,Fotona,TimeWalker,device_energy,energy_wavelength: 4343 W,https://www.fotona.com/us/products/,2026-06-01T01:40:35+08:00
spec_40e2955b29c8,pfact_ef00d61a6476,prod_02f4cd89aad2,REC_0999,Fotona d.o.o.,TimeWalker,TimeWalker II Fotona4D,device_energy,energy_wavelength: 1064 nm,https://fotona.com/en/treatments/2045/fotona4d-r,2026-06-01T01:40:35+08:00
spec_0ccadcb1551b,pfact_c87556b30d96,prod_02f4cd89aad2,REC_0999,Fotona d.o.o.,TimeWalker,TimeWalker II Fotona4D,device_energy,energy_wavelength: 2940 nm,https://fotona.com/en/treatments/2045/fotona4d-r,2026-06-01T01:40:35+08:00
spec_68d1a2ee80b8,pfact_3278bab9d88d,prod_67982711aa8b,REC_0292,GANA,GANA,GANA DA,dose_strength,dose_or_unit: 2mg,http://ganarnd.co.kr/kwa-790693,2026-06-01T01:40:35+08:00
spec_136226ada888,pfact_d8b85c61ed4a,prod_67982711aa8b,REC_0292,GANA,GANA,GANA DA,volume_packaging,volume_or_fill: 1.2ml,https://ganafillers.com/shop/,2026-06-01T01:40:35+08:00
spec_7b711122af13,pfact_6b437a0db4bd,prod_67982711aa8b,REC_0292,GANA,GANA,GANA DA,volume_packaging,volume_or_fill: 10 vials,https://ganafillers.com/,2026-06-01T01:40:35+08:00
spec_87a9f57192dc,pfact_d117d8ad777e,prod_67982711aa8b,REC_0292,GANA,GANA,GANA DA,volume_packaging,volume_or_fill: 10vials,http://www.ganarnd.co.kr/kwa-790790?pc=p,2026-06-01T01:40:35+08:00
spec_736a0be516e5,pfact_57b4068c49a9,prod_a8fb29b09711,REC_0291,GANA,GANA,GANA Fill / GANA V,dose_strength,dose_or_unit: 1560mg,http://ganarnd.co.kr/kwa-790695,2026-06-01T01:40:35+08:00
spec_83bf0d9fef62,pfact_ac6a66538eeb,prod_a8fb29b09711,REC_0291,GANA,GANA,GANA Fill / GANA V,volume_packaging,volume_or_fill: 1.2ml,https://ganafillers.com/shop/,2026-06-01T01:40:35+08:00
spec_79656de91221,pfact_de1c288c5ccd,prod_ec01791c3d66,REC_0290,GANA,GANA,GANA HA (Body/Face),dose_strength,dose_or_unit: 2mg,http://ganarnd.co.kr/kwa-790693,2026-06-01T01:40:35+08:00
spec_ddc506f2fbf6,pfact_34377f4ec80b,prod_ec01791c3d66,REC_0290,GANA,GANA,GANA HA (Body/Face),volume_packaging,volume_or_fill: 1.2ml,https://ganafillers.com/shop/,2026-06-01T01:40:35+08:00
spec_aed09106e0bc,pfact_e9155d791c65,prod_ec01791c3d66,REC_0290,GANA,GANA,GANA HA (Body/Face),volume_packaging,volume_or_fill: 2.5cc,http://ganarnd.co.kr/kwa-790693,2026-06-01T01:40:35+08:00
spec_fe36cd5c27f7,pfact_9c3415c20b0c,prod_ec01791c3d66,REC_0290,GANA,GANA,GANA HA (Body/Face),volume_packaging,volume_or_fill: 2.5ml,https://ganafillers.com/shop/,2026-06-01T01:40:35+08:00
spec_5ae02a6d9192,pfact_4ee7af486f1e,prod_776580700a03,REC_0293,GANA,GANA,GANA PNV / PNV+,dose_strength,dose_or_unit: 3mg,http://ganarnd.co.kr/kwa-790693,2026-06-01T01:40:35+08:00
spec_07b12960a33c,pfact_06b7167dc8a7,prod_776580700a03,REC_0293,GANA,GANA,GANA PNV / PNV+,volume_packaging,volume_or_fill: 1.2ml,https://ganafillers.com/shop/,2026-06-01T01:40:35+08:00
spec_585a337c2974,pfact_279d00d3a0fb,prod_776580700a03,REC_0293,GANA,GANA,GANA PNV / PNV+,volume_packaging,volume_or_fill: 2.5ml,https://ganafillers.com/shop/,2026-06-01T01:40:35+08:00
spec_a165b493a5f5,pfact_a089542cc547,prod_776580700a03,REC_0293,GANA,GANA,GANA PNV / PNV+,volume_packaging,volume_or_fill: 2ml,https://ganafillers.com/product/gana-pn-pdrn-2-x-2-5ml/,2026-06-01T01:40:35+08:00
spec_e3efaecd6472,pfact_af99b46f3344,prod_1d2fa62967bc,REC_0762,GPQ Srl,WiQo,PRX-T33 / WiQo Cream,volume_packaging,volume_or_fill: 1 vial,https://www.prxstoredepot.com/,2026-06-01T01:40:35+08:00
spec_c949d41d7ec3,pfact_c723b1741f3f,prod_1d2fa62967bc,REC_0762,GPQ Srl,WiQo,PRX-T33 / WiQo Cream,volume_packaging,volume_or_fill: 30ml,https://www.prxstoredepot.com/,2026-06-01T01:40:35+08:00
spec_a879508ab13b,pfact_fd2d0e3812a3,prod_1d2fa62967bc,REC_0762,GPQ Srl,WiQo,PRX-T33 / WiQo Cream,volume_packaging,volume_or_fill: 50ml,https://www.prxstoredepot.com/,2026-06-01T01:40:35+08:00
spec_c2e0400763b2,pfact_28a3a8d79a99,prod_7b1c90ea05cb,REC_0635,Galderma,Sculptra,Sculptra (PLLA),dose_strength,dose_or_unit: 127.5 mg,https://www.galderma.com/sites/default/files/2025-03/IFU_Sculptra-Jul_2022.pdf,2026-06-01T01:40:35+08:00
spec_e70e91455085,pfact_c4f273c7e7a0,prod_7b1c90ea05cb,REC_0635,Galderma,Sculptra,Sculptra (PLLA),dose_strength,dose_or_unit: 150 mg,https://www.galderma.com/sites/default/files/2025-03/IFU_Sculptra-Jul_2022.pdf,2026-06-01T01:40:35+08:00
spec_ac075b725cd6,pfact_dff4955ab39c,prod_7b1c90ea05cb,REC_0635,Galderma,Sculptra,Sculptra (PLLA),dose_strength,dose_or_unit: 367.5 mg,https://www.sculptrausa.com/,2026-06-01T01:40:35+08:00
spec_3a4f22d3b12f,pfact_9937a011ad58,prod_7b1c90ea05cb,REC_0635,Galderma,Sculptra,Sculptra (PLLA),volume_packaging,volume_or_fill: 5 mL,https://www.sculptrausa.com/,2026-06-01T01:40:35+08:00
spec_05e7e39fb616,pfact_8a12a793c754,prod_7b1c90ea05cb,REC_0635,Galderma,Sculptra,Sculptra (PLLA),volume_packaging,volume_or_fill: 5 vials,https://www.sculptrausa.com/,2026-06-01T01:40:35+08:00
spec_827ecd1c863f,pfact_bd6512031164,prod_7b1c90ea05cb,REC_0635,Galderma,Sculptra,Sculptra (PLLA),volume_packaging,volume_or_fill: 8 ml,https://www.galderma.com/,2026-06-01T01:40:35+08:00
spec_c5a609ad5ff6,pfact_fcb975f988e8,prod_cce4c2f61882,REC_0114,Galderma,Cetaphil,Gentle Skin Cleanser,volume_packaging,volume_or_fill: 1000mL,https://www.cetaphil.com.hk/,2026-06-01T01:40:35+08:00
spec_288ce8bc4719,pfact_858c75890317,prod_cce4c2f61882,REC_0114,Galderma,Cetaphil,Gentle Skin Cleanser,volume_packaging,volume_or_fill: 20118ml,https://www.cetaphil.co.za/,2026-06-01T01:40:35+08:00
spec_a758d340c1a3,pfact_80a4f1f0f685,prod_cce4c2f61882,REC_0114,Galderma,Cetaphil,Gentle Skin Cleanser,volume_packaging,volume_or_fill: 20500ml,https://www.cetaphil.com.sg/,2026-06-01T01:40:35+08:00
spec_c6c84ca0f45b,pfact_6a562ecd6b61,prod_a3fda2457621,REC_0211,Galderma,Dysport / Azzalure,AbobotulinumtoxinA,dose_strength,dose_or_unit: 1000U,https://www.galderma.com/au/sites/default/files/inline-files/DYSPORT%20PI_V6_final_21JUL20_final.pdf,2026-06-01T01:40:35+08:00
spec_952ba366cf9f,pfact_3d63d1096aaa,prod_a3fda2457621,REC_0211,Galderma,Dysport / Azzalure,AbobotulinumtoxinA,dose_strength,dose_or_unit: 1500U,https://www.galderma.com/au/sites/default/files/inline-files/DYSPORT%20PI_V6_final_21JUL20_final.pdf,2026-06-01T01:40:35+08:00
spec_edf57eb9e0c4,pfact_5574ada4426f,prod_a3fda2457621,REC_0211,Galderma,Dysport / Azzalure,AbobotulinumtoxinA,material_or_ingredient,composition: botulinum toxin,https://www.dysportusa.com/,2026-06-01T01:40:35+08:00
spec_5985d0516984,pfact_d58b3393fe00,prod_9e543e0b57e7,REC_0806,Galderma,Relfydess,RelabotulinumtoxinA,dose_strength,dose_or_unit: 4 U,https://www.galderma.com/au/sites/default/files/Relfydess_PI_2024-10-30_0.pdf,2026-06-01T01:40:35+08:00
spec_0ea426a3a59c,pfact_241231e3d884,prod_9e543e0b57e7,REC_0806,Galderma,Relfydess,RelabotulinumtoxinA,dose_strength,dose_or_unit: 8 U,https://www.galderma.com/au/sites/default/files/Relfydess_PI_2024-10-30_0.pdf,2026-06-01T01:40:35+08:00
spec_737b3a715a3e,pfact_0a402d73abfb,prod_9e543e0b57e7,REC_0806,Galderma,Relfydess,RelabotulinumtoxinA,volume_packaging,volume_or_fill: 1 vial,https://www.galderma.com/au/sites/default/files/Relyfdess_CMI_ApprovedJuly2024.pdf,2026-06-01T01:40:35+08:00
spec_a29f3c6dbc33,pfact_ab59275805d1,prod_9e543e0b57e7,REC_0806,Galderma,Relfydess,RelabotulinumtoxinA,volume_packaging,volume_or_fill: 1.5 mL,https://www.galderma.com/au/sites/default/files/Relyfdess_CMI_ApprovedJuly2024.pdf,2026-06-01T01:40:35+08:00
spec_a5b2934515a8,pfact_d4b38cd82ab9,prod_9e543e0b57e7,REC_0806,Galderma,Relfydess,RelabotulinumtoxinA,volume_packaging,volume_or_fill: 10 vials,https://www.galderma.com/au/sites/default/files/Relyfdess_CMI_ApprovedJuly2024.pdf,2026-06-01T01:40:35+08:00
spec_ec3ec3d73070,pfact_9b013ae1f499,prod_c02f4d543025,REC_0809,Galderma,Restylane Contour,HA Filler for Cheeks,volume_packaging,volume_or_fill: 2 mL,https://restylaneusa.com/product/restylane-contour,2026-06-01T01:40:35+08:00
spec_6831642fd1ce,pfact_9e968c9a13fb,prod_090806558f12,REC_0808,Galderma,Restylane Eyelight,HA Filler for Tear Trough,volume_packaging,volume_or_fill: 1 mL,https://www.restylaneusa.com/product/restylane-eyelight,2026-06-01T01:40:35+08:00
spec_1e7f747402bd,pfact_656abcb38076,prod_090806558f12,REC_0808,Galderma,Restylane Eyelight,HA Filler for Tear Trough,volume_packaging,volume_or_fill: 2 mL,https://www.restylaneusa.com/product/restylane-eyelight,2026-06-01T01:40:35+08:00
spec_3e965077479c,pfact_fe9de7ac27f3,prod_d571350a94f6,REC_0300,Germaine de Capuccini,Germaine de Capuccini,Timexpert / Radiance C+,dose_strength,dose_or_unit: 1 Unit,https://www.germaine-de-capuccini.com.au/collections/vitamin-c,2026-06-01T01:40:35+08:00
spec_9d74671ae5d2,pfact_11ef9423f031,prod_d571350a94f6,REC_0300,Germaine de Capuccini,Germaine de Capuccini,Timexpert / Radiance C+,dose_strength,dose_or_unit: 3 Units,https://www.germaine-de-capuccini.com.au/collections/vitamin-c,2026-06-01T01:40:35+08:00
spec_07a9df518e86,pfact_ca50a78c90ce,prod_d571350a94f6,REC_0300,Germaine de Capuccini,Germaine de Capuccini,Timexpert / Radiance C+,volume_packaging,volume_or_fill: 15ml,https://www.germaine-de-capuccini.com.au/collections/vitamin-c,2026-06-01T01:40:35+08:00
spec_d8ecf728f60e,pfact_6f28dc45f653,prod_d571350a94f6,REC_0300,Germaine de Capuccini,Germaine de Capuccini,Timexpert / Radiance C+,volume_packaging,volume_or_fill: 200ml,https://www.germaine-de-capuccini.com.au/collections/vitamin-c,2026-06-01T01:40:35+08:00
spec_e81b416e8f6d,pfact_3ee2b4f0a1b0,prod_d571350a94f6,REC_0300,Germaine de Capuccini,Germaine de Capuccini,Timexpert / Radiance C+,volume_packaging,volume_or_fill: 50ml,https://www.germaine-de-capuccini.com.au/collections/vitamin-c,2026-06-01T01:40:35+08:00
spec_e3ae0b606d17,pfact_0b53045748a6,prod_a234c1a35679,REC_0433,HOYA ConBio,MedLite C6,Q-Switched Nd:YAG,device_energy,energy_wavelength: 532 nm,https://metime.com/,2026-06-01T01:40:35+08:00
spec_d270cd5fce6a,pfact_85e8d0271725,prod_a234c1a35679,REC_0433,HOYA ConBio,MedLite C6,Q-Switched Nd:YAG,device_energy,energy_wavelength: 585 nm,https://metime.com/,2026-06-01T01:40:35+08:00
spec_d23aec387e70,pfact_170e3999a8c6,prod_82f3430ed451,REC_0224,Haim Aesthetics,Eloquence,Eloquence (Fine/Deep/Sub-Q),volume_packaging,volume_or_fill: 1 Syringe,http://haimaesthetics.com/EloquenceCollectionofFillers,2026-06-01T01:40:35+08:00
spec_780a4c015a67,pfact_070c076955de,prod_82f3430ed451,REC_0224,Haim Aesthetics,Eloquence,Eloquence (Fine/Deep/Sub-Q),volume_packaging,volume_or_fill: 1 vial,http://haimaesthetics.com/EloquenceCollectionofFillers,2026-06-01T01:40:35+08:00
spec_92037350003c,pfact_ddd2fe9e0896,prod_82f3430ed451,REC_0224,Haim Aesthetics,Eloquence,Eloquence (Fine/Deep/Sub-Q),volume_packaging,volume_or_fill: 1.1ml,http://haimaesthetics.com/EloquenceCollectionofFillers,2026-06-01T01:40:35+08:00
spec_a4d11197997c,pfact_2b108a2e8cae,prod_69f3db034694,REC_0396,Haim Aesthetics,LeVair,LeVair PDRN / Exovair,dose_strength,dose_or_unit: 1000mg,https://haimintl.com/collections/skin-booster,2026-06-01T01:40:35+08:00
spec_2f0d16f3681d,pfact_feb1eb70ad39,prod_69f3db034694,REC_0396,Haim Aesthetics,LeVair,LeVair PDRN / Exovair,dose_strength,dose_or_unit: 250mg,https://haimintl.com/collections/skin-booster,2026-06-01T01:40:35+08:00
spec_cf64625ec90f,pfact_5d5e31708a3b,prod_69f3db034694,REC_0396,Haim Aesthetics,LeVair,LeVair PDRN / Exovair,dose_strength,dose_or_unit: 380mg,https://haimintl.com/collections/skin-booster,2026-06-01T01:40:35+08:00
spec_adce3df32b4a,pfact_2776b93cba4a,prod_c566406b61d0,REC_0458,HansBiomed.,MINT Lift,MINT (Fine/Petit/Easy),commercial_certification,certification_claim: FDA Cleared,https://www.mintpdo.com/announcement/mint-pdo-receives-third-fda-clearance,2026-06-01T01:40:35+08:00
spec_1d2695a00307,pfact_72cbaf5801d7,prod_c566406b61d0,REC_0458,HansBiomed.,MINT Lift,MINT (Fine/Petit/Easy),device_energy,energy_wavelength: 2880w,https://www.mintpdo.com/products,2026-06-01T01:40:35+08:00
spec_f604975d1c15,pfact_2fafd89718ee,prod_3fbafb682317,REC_0312,Hanson Medical,Hanson,Facial Implants,commercial_certification,certification_claim: ISO 13485,https://hansonmedical.com/about.html,2026-06-01T01:40:35+08:00
spec_f94132a1869d,pfact_694b8e646d96,prod_a76a87ba7c16,REC_0947,Hironic,DOUBLO,DOUBLO Gold,commercial_certification,certification_claim: FDA Cleared,https://hironic-us.com/History,2026-06-01T01:40:35+08:00
spec_3f53be2ee950,pfact_2d6ac95cdf02,prod_d354284a3d37,REC_0880,Hugel,The Chaeum Premium No.4,HA Filler for Volume,volume_packaging,volume_or_fill: 1ml,https://hugel-inc.net/,2026-06-01T01:40:35+08:00
spec_33194a09655d,pfact_627698a91e43,prod_2903e9009d75,REC_0088,Hugel,BlueRose,BlueRose Threads,commercial_certification,certification_claim: ISO 13485,https://bluerose.co.kr/home,2026-06-01T01:40:35+08:00
spec_f68db272191a,pfact_3375172f5e20,prod_548ddc3c621f,REC_0335,Hydrinity Skin Science,Hydrinity,Restorative HA Serum,volume_packaging,volume_or_fill: 15ml,https://www.hydrinity.com/collections/all,2026-06-01T01:40:35+08:00
spec_e204d739a694,pfact_6ef772cc6949,prod_d065f1875e87,REC_0752,IBSA Derma,Viscoderm,Viscoderm Hydrobooster,commercial_certification,certification_claim: MDR,https://shop.ibsaderma.de/,2026-06-01T01:40:35+08:00
spec_ed60310f0df6,pfact_12b42c5f7a78,prod_d065f1875e87,REC_0752,IBSA Derma,Viscoderm,Viscoderm Hydrobooster,dose_strength,dose_or_unit: 20 mg,https://dermahubshop.com/catalog/mesotherapy/viscoderm-skinbooster/,2026-06-01T01:40:35+08:00
spec_5c11de84f3fa,pfact_82b5d32c1b5d,prod_d065f1875e87,REC_0752,IBSA Derma,Viscoderm,Viscoderm Hydrobooster,dose_strength,dose_or_unit: 25 mg,https://dermahubshop.com/catalog/mesotherapy/viscoderm-skinbooster/,2026-06-01T01:40:35+08:00
spec_b639125637d0,pfact_0d86d66066db,prod_d065f1875e87,REC_0752,IBSA Derma,Viscoderm,Viscoderm Hydrobooster,dose_strength,dose_or_unit: 25mg,https://www.ibsa-pharma.de/produkte/vicoderm.html,2026-06-01T01:40:35+08:00
spec_6d8bff956ea4,pfact_9e8fd7f1f5d4,prod_d065f1875e87,REC_0752,IBSA Derma,Viscoderm,Viscoderm Hydrobooster,volume_packaging,volume_or_fill: 1 ml,https://www.ibsafrance.fr/Produits/Viscoderm--Hydrobooster.html,2026-06-01T01:40:35+08:00
spec_51ca0bf56723,pfact_a42a4c619f88,prod_d065f1875e87,REC_0752,IBSA Derma,Viscoderm,Viscoderm Hydrobooster,volume_packaging,volume_or_fill: 1 syringe,https://dermahubshop.com/catalog/mesotherapy/viscoderm-skinbooster/,2026-06-01T01:40:35+08:00
spec_5557c27b3243,pfact_9fd849eef137,prod_d065f1875e87,REC_0752,IBSA Derma,Viscoderm,Viscoderm Hydrobooster,volume_packaging,volume_or_fill: 1.1ml,https://dermahubshop.com/catalog/mesotherapy/viscoderm-skinbooster/,2026-06-01T01:40:35+08:00
spec_049beaf78130,pfact_f2706e162fa0,prod_9e2dd4fc5acd,REC_0892,IBSA Derma,Aliaxin EV,HA Filler Essential Volume,volume_packaging,volume_or_fill: 1ml,https://dermahubshop.com/catalog/brands/aliaxin/aliaxin-ev/,2026-06-01T01:40:35+08:00
spec_bda064f8ab57,pfact_1e36cb510ccf,prod_9e2dd4fc5acd,REC_0892,IBSA Derma,Aliaxin EV,HA Filler Essential Volume,volume_packaging,volume_or_fill: 2 syringe,https://dermahubshop.com/catalog/brands/aliaxin/aliaxin-ev/,2026-06-01T01:40:35+08:00
spec_390e40d1be18,pfact_d8d82480a92f,prod_acd5efffb9e9,REC_0566,IBSA Derma,Profhilo,Profhilo Body,dose_strength,dose_or_unit: 32mg,https://www.ibsa-pharma.de/produkte/profhilo-body.html,2026-06-01T01:40:35+08:00
spec_c7bae39c6926,pfact_7f554c7f6a52,prod_acd5efffb9e9,REC_0566,IBSA Derma,Profhilo,Profhilo Body,volume_packaging,volume_or_fill: 3ml,https://www.ibsa-pharma.de/produkte/profhilo-body.html,2026-06-01T01:40:35+08:00
spec_916d939ef3af,pfact_90370c37f413,prod_fc75ecb9d77a,REC_0887,IBSA Derma,Profhilo Structura,HA for Fat Tissue Repair,volume_packaging,volume_or_fill: 1 syringe,https://dermalms.com/product/profhilo-structura/,2026-06-01T01:40:35+08:00
spec_b6a80bd2564e,pfact_556fb3b715ac,prod_7969e2fffe78,REC_0894,IBSA Derma,Viscoderm Hydrobooster,Crosslinked HA Dynamic Areas,dose_strength,dose_or_unit: 20 mg,https://dermahubshop.com/catalog/mesotherapy/viscoderm-skinbooster/,2026-06-01T01:40:35+08:00
spec_295bd917a0d1,pfact_1cdbc3a48eaa,prod_7969e2fffe78,REC_0894,IBSA Derma,Viscoderm Hydrobooster,Crosslinked HA Dynamic Areas,dose_strength,dose_or_unit: 25 mg,https://dermahubshop.com/catalog/mesotherapy/viscoderm-skinbooster/,2026-06-01T01:40:35+08:00
spec_0027aa1daed7,pfact_8df43ce2f725,prod_7969e2fffe78,REC_0894,IBSA Derma,Viscoderm Hydrobooster,Crosslinked HA Dynamic Areas,volume_packaging,volume_or_fill: 1 syringe,https://dermahubshop.com/catalog/mesotherapy/viscoderm-skinbooster/,2026-06-01T01:40:35+08:00
spec_1bb00a2a581e,pfact_f3e3043aa74e,prod_7969e2fffe78,REC_0894,IBSA Derma,Viscoderm Hydrobooster,Crosslinked HA Dynamic Areas,volume_packaging,volume_or_fill: 1.1ml,https://dermahubshop.com/catalog/mesotherapy/viscoderm-skinbooster/,2026-06-01T01:40:35+08:00
spec_5afc7327f894,pfact_3f4e7fc93f0f,prod_383eb617653e,REC_0339,Image Skincare,Image,I Peel,volume_packaging,volume_or_fill: 60ml,https://myskincare.in/,2026-06-01T01:40:35+08:00
spec_dd128aadb148,pfact_e7b7667117d6,prod_1c38addcf6b1,REC_0227,InMode,EmpowerRF,V-Tone / Morpheus8 V / Forma V,dose_strength,dose_or_unit: 107.25 Unit,https://www.inmode.com.au/collections/all,2026-06-01T01:40:35+08:00
spec_d3048e155b4b,pfact_7aa9f8ec05a9,prod_1c38addcf6b1,REC_0227,InMode,EmpowerRF,V-Tone / Morpheus8 V / Forma V,dose_strength,dose_or_unit: 650.00 Unit,https://www.inmode.com.au/collections/all,2026-06-01T01:40:35+08:00
spec_0159967d00ab,pfact_77930cd6df25,prod_fa2445136b1e,REC_0122,Induction Therapies,Collagen P.I.N.,Microneedling Device,commercial_certification,certification_claim: FDA cleared,https://collagenpin.com/collagen-pin-provider-portal-2/,2026-06-01T01:40:35+08:00
spec_bf678323fa73,pfact_0daf2ccbcf62,prod_a5856ea741af,REC_0348,Innolux,Innolux,Red Light / SAD Lamps,dose_strength,dose_or_unit: 00 Unit,https://innolux.fi/en-eu/pages/punavalohoito,2026-06-01T01:40:35+08:00
spec_0c53550b96c3,pfact_2c0363bd1f46,prod_a17c3abd72a4,REC_0690,Iskra Medical,Tesla Former,Tesla Former / Care,device_energy,energy_wavelength: 160 Hz,https://www.iskramedical.eu/images/brochures/tesla-care/TESLA%20Care%20-%20EN%20(English).pdf,2026-06-01T01:40:35+08:00
spec_12ceb67aa0ac,pfact_f9226c1ea6e5,prod_a17c3abd72a4,REC_0690,Iskra Medical,Tesla Former,Tesla Former / Care,device_energy,energy_wavelength: 60 Hz,https://www.iskramedical.eu/images/brochures/tesla-care/TESLA%20Care%20-%20EN%20(English).pdf,2026-06-01T01:40:35+08:00
spec_7270c571c1dc,pfact_3f7ffed1c788,prod_6acacc13ad62,REC_0618,JMBiotech,RIBESKIN,CO2 Carboxy / Pink Aging,material_or_ingredient,composition: co2,https://ribeskin-usa.com/,2026-06-01T01:40:35+08:00
spec_0b8867c5f0df,pfact_30f052bb1ac3,prod_2856e814e526,REC_0389,Jaysean / J Syeon,La Pomme,La Pomme / Caratfill,volume_packaging,volume_or_fill: 1 Syringe,https://www.jay-sean.com/hafiller-lapomme,2026-06-01T01:40:35+08:00
spec_41cf40590602,pfact_03202aa02754,prod_2856e814e526,REC_0389,Jaysean / J Syeon,La Pomme,La Pomme / Caratfill,volume_packaging,volume_or_fill: 1ml,https://www.jay-sean.com/hafiller-lapomme,2026-06-01T01:40:35+08:00
spec_b1251cf25365,pfact_417b0b66f976,prod_39f3d036751b,REC_0363,JeuDerm,JeuDerm,Reform Age / My Ato,volume_packaging,volume_or_fill: 110ml,https://jeuderm.co.kr/products/skin-care/reform-age/,2026-06-01T01:40:35+08:00
spec_abae5ef893df,pfact_9357072aa359,prod_39f3d036751b,REC_0363,JeuDerm,JeuDerm,Reform Age / My Ato,volume_packaging,volume_or_fill: 150ml,https://jeuderm.co.kr/products/skin-care/reform-age/,2026-06-01T01:40:35+08:00
spec_562e96704f52,pfact_c52fd0b25c8e,prod_39f3d036751b,REC_0363,JeuDerm,JeuDerm,Reform Age / My Ato,volume_packaging,volume_or_fill: 250 ml,https://jeuderm.co.kr/products/skin-care/reform-age/,2026-06-01T01:40:35+08:00
spec_8547ba9ebdc0,pfact_4c24721140af,prod_5004843144bd,REC_0460,Jskbiomed,Mirajet,Mirajet,device_energy,energy_wavelength: 2940nm,https://www.mirajet.co.kr/,2026-06-01T01:40:35+08:00
spec_dde71c7f3362,pfact_8ecdfea51c72,prod_f5611c9980d1,REC_0599,Kaizen Endustri,REIN / AdiponanoX,AdiponanoX,volume_packaging,volume_or_fill: 10 ml,https://www.kaizenendustri.com/en/rein-prp-single,2026-06-01T01:40:35+08:00
spec_60d035cd5de0,pfact_cb1668235dae,prod_fe9bd2c78a5f,REC_0441,Koru Pharma,Mesoheal,Mesoheal Body,volume_packaging,volume_or_fill: 50ml,https://korupharma.com/,2026-06-01T01:40:35+08:00
spec_9c0cd6d45178,pfact_ddba328fc52d,prod_fe9bd2c78a5f,REC_0441,Koru Pharma,Mesoheal,Mesoheal Body,volume_packaging,volume_or_fill: 60 ml,https://korupharma.com/mesoheal-shape-10ml/,2026-06-01T01:40:35+08:00
spec_f3e982bf5481,pfact_8d7dd182f8f2,prod_122ef924ac55,REC_0440,Koru Pharma,Mesoheal,Mesoheal Body / Pink Glow,volume_packaging,volume_or_fill: 50ml,https://korupharma.com/gluteal-contouring-with-body-fillers-precision-over-volume,2026-06-01T01:40:35+08:00
spec_14ebc883d797,pfact_fd753a188dc2,prod_122ef924ac55,REC_0440,Koru Pharma,Mesoheal,Mesoheal Body / Pink Glow,volume_packaging,volume_or_fill: 60 ml,https://korupharma.com/mesoheal-shape-10ml/,2026-06-01T01:40:35+08:00
spec_9c2f9fab0ee3,pfact_43908b970eb7,prod_116b756ea908,REC_0388,Kysense,Kysense,Kysense (Precise/Define/Volume),dose_strength,dose_or_unit: 18 mg,https://circaskin.com/,2026-06-01T01:40:35+08:00
spec_de712be86ed2,pfact_c6ca4e13ec90,prod_116b756ea908,REC_0388,Kysense,Kysense,Kysense (Precise/Define/Volume),dose_strength,dose_or_unit: 21 mg,https://circaskin.com/,2026-06-01T01:40:35+08:00
spec_27b02e1d8c76,pfact_b60f3426501c,prod_116b756ea908,REC_0388,Kysense,Kysense,Kysense (Precise/Define/Volume),volume_packaging,volume_or_fill: 1 ml,https://circaskin.com/,2026-06-01T01:40:35+08:00
spec_84e7ca491095,pfact_b73b34d6e047,prod_116b756ea908,REC_0388,Kysense,Kysense,Kysense (Precise/Define/Volume),volume_packaging,volume_or_fill: 5 ml,https://circaskin.com/,2026-06-01T01:40:35+08:00
spec_a7ac8ff26236,pfact_02ae7cee43ef,prod_168f0968830a,REC_0113,L'Oréal,CeraVe,Moisturizing Cream,volume_packaging,volume_or_fill: 177 ml,https://www.cerave.hk/,2026-06-01T01:40:35+08:00
spec_252a24c70736,pfact_97b38df02d10,prod_168f0968830a,REC_0113,L'Oréal,CeraVe,Moisturizing Cream,volume_packaging,volume_or_fill: 177ml,https://www.cerave.eg/,2026-06-01T01:40:35+08:00
spec_b0b7aeff3a0a,pfact_d332438f2169,prod_168f0968830a,REC_0113,L'Oréal,CeraVe,Moisturizing Cream,volume_packaging,volume_or_fill: 50 ml,https://www.ceravearabia.com/,2026-06-01T01:40:35+08:00
spec_79adb42750b0,pfact_54768e37e3f7,prod_2bcd267dc2fc,REC_0483,Love Cosmedical,Neofound,Neofound (Whitening),volume_packaging,volume_or_fill: 3ml,https://neofound.co.uk/,2026-06-01T01:40:35+08:00
spec_513629405708,pfact_f01a64079be0,prod_2bcd267dc2fc,REC_0483,Love Cosmedical,Neofound,Neofound (Whitening),volume_packaging,volume_or_fill: 40ml,https://neofound.co.uk/,2026-06-01T01:40:35+08:00
spec_8c42c50d0e82,pfact_ffcc079ba57f,prod_2bcd267dc2fc,REC_0483,Love Cosmedical,Neofound,Neofound (Whitening),volume_packaging,volume_or_fill: 4ml,https://neofound.co.uk/,2026-06-01T01:40:35+08:00
spec_954cd260e053,pfact_989138d5313e,prod_c0a9a08892df,REC_0977,Lumenis,Lumenis,Stellar M22,commercial_certification,certification_claim: ISO 13485,https://lumenis.com/wp-content/uploads/2025/03/Steller-M22-B2B-Brochure-PB-00085660-Rev-A-Letter_web.pdf,2026-06-01T01:40:35+08:00
spec_d66859ed646f,pfact_a620b7073fe2,prod_12d68f975ca7,REC_0414,Lumenis,Lumenis,Stellar M22,commercial_certification,certification_claim: ISO 13485,https://lumenis.com/wp-content/uploads/2025/03/Steller-M22-B2B-Brochure-PB-00085660-Rev-A-Letter_web.pdf,2026-06-01T01:40:35+08:00
spec_9cbfd00e1c24,pfact_c4b270aee26f,prod_49138ab69fca,REC_0587,Lumibird,Quantel,Aran / Compact,device_energy,energy_wavelength: 532nm,https://www.lumibirdmedical.com/our-company/,2026-06-01T01:40:35+08:00
spec_d3656a834419,pfact_c078e79ba0e7,prod_67410421beb1,REC_1003,Lutronic / Cynosure Lutronic,Lutronic,Genius,device_energy,energy_wavelength: 1064nm,https://marketing.cynosure.com/cynosure.lutronic.symposium-split.html,2026-06-01T01:40:35+08:00
spec_e3472d1bac9d,pfact_8a0d211c2318,prod_67410421beb1,REC_1003,Lutronic / Cynosure Lutronic,Lutronic,Genius,device_energy,energy_wavelength: 532nm,https://marketing.cynosure.com/cynosure.lutronic.symposium-split.html,2026-06-01T01:40:35+08:00
spec_f0ebeb1e9253,pfact_b240eee82d92,prod_19403421ebcf,REC_0419,Lutronic / Cynosure Lutronic,Lutronic,Genius,device_energy,energy_wavelength: 1064nm,https://marketing.cynosure.com/cynosure.lutronic.symposium-split.html,2026-06-01T01:40:35+08:00
spec_5a10878e580d,pfact_22b95fdb443f,prod_19403421ebcf,REC_0419,Lutronic / Cynosure Lutronic,Lutronic,Genius,device_energy,energy_wavelength: 532nm,https://marketing.cynosure.com/cynosure.lutronic.symposium-split.html,2026-06-01T01:40:35+08:00
spec_68f69600e909,pfact_4105e29ce479,prod_98e1ab884d55,REC_0418,Lutronic / Cynosure Lutronic,Lutronic,LaseMD Ultra,device_energy,energy_wavelength: 532nm,https://marketing.cynosure.com/cynosure.lutronic.symposium-split.html,2026-06-01T01:40:35+08:00
spec_109da27f18e5,pfact_4a95b56e55c8,prod_021af539d92d,REC_0478,Matex Lab,Neauvia Devices,Sectum / Plasma,commercial_certification,certification_claim: CE mark,https://neauvia.com/,2026-06-01T01:40:35+08:00
spec_81c4efc5dd32,pfact_54ab240dc0f7,prod_38346130aefe,REC_0492,Medytox,Neuronox / Meditoxin,Neuronox (Botulinum Toxin Type A),dose_strength,dose_or_unit: 100 units,https://www.neurotoxins.org/,2026-06-01T01:40:35+08:00
spec_c1cf8bc6e065,pfact_26609f94aa29,prod_f16b720710a4,REC_0349,Medytox,Innotox,Innotox 50U/100U,dose_strength,dose_or_unit: 100U,https://innotoxhub.com/,2026-06-01T01:40:35+08:00
spec_c8fe92640a38,pfact_3963601eb406,prod_f16b720710a4,REC_0349,Medytox,Innotox,Innotox 50U/100U,dose_strength,dose_or_unit: 50U,https://innotoxhub.com/,2026-06-01T01:40:35+08:00
spec_aa51dbb446db,pfact_17cf39eea0f4,prod_39d6d2704bea,REC_0813,Merz,Cellfina,Cellulite Treatment Device,commercial_certification,certification_claim: CE Mark,https://www.merz.com/blog/news/merz-announces-clearance-cellfina-system-long-term-reduction-cellulite/,2026-06-01T01:40:35+08:00
spec_4e20f2e0ae06,pfact_e6bc5f23e3b5,prod_ed8770b8d4e9,REC_0814,Merz,NEOCUTIS,Growth Factor Skincare,volume_packaging,volume_or_fill: 15 ml,https://store.neocutis.com/collections/growth-factor-skincare-products,2026-06-01T01:40:35+08:00
spec_673c018ee091,pfact_5c26fc2e197d,prod_4bda0a95d0de,REC_0772,Merz,Xeomin / Bocouture,Xeomin (IncobotulinumtoxinA),material_or_ingredient,composition: botulinum toxin,https://patient.xeomin.com/pdf/xeomin-medication-guide-09-23.pdf,2026-06-01T01:40:35+08:00
spec_0d7f08f33909,pfact_079fa482750d,prod_d8647af9b2a5,REC_0526,Mesotech,Overage,Overage (Deep/Derma),commercial_certification,certification_claim: ISO 13485,https://www.mesotech.dk/,2026-06-01T01:40:35+08:00
spec_f84a80faf3eb,pfact_3fa02f87694d,prod_d8647af9b2a5,REC_0526,Mesotech,Overage,Overage (Deep/Derma),dose_strength,dose_or_unit: 23mg,https://www.mesotech.it/products/overage-pre-filled-hyaluronic-acid-syringe-dermafiller/,2026-06-01T01:40:35+08:00
spec_5708dde15cef,pfact_2262ce0dd3bd,prod_4e70a96df339,REC_0456,Milesman,Milesman,Compact / Blend,device_energy,energy_wavelength: 30J/cm2,https://www.milesman.net/a-technological-revolution-in-laser-hair-removal/,2026-06-01T01:40:35+08:00
spec_8aa9fc9d11e8,pfact_fe1d61465884,prod_4e70a96df339,REC_0456,Milesman,Milesman,Compact / Blend,device_energy,energy_wavelength: 450 nm,http://milesman.com/en/iso9001.html,2026-06-01T01:40:35+08:00
spec_e10d25e8c49d,pfact_547ac29da299,prod_ecb2d81aa136,REC_0597,Neogenesis,Regenovue,Regenovue (Deep/Sub-Q),volume_packaging,volume_or_fill: 15mL,https://neogenesis.com/shop/by-product/booster/,2026-06-01T01:40:35+08:00
spec_0b283a800b21,pfact_db05f54f3be5,prod_ecb2d81aa136,REC_0597,Neogenesis,Regenovue,Regenovue (Deep/Sub-Q),volume_packaging,volume_or_fill: 30mL,https://neogenesis.com/shop/by-product/booster/,2026-06-01T01:40:35+08:00
spec_a084e9f00bb2,pfact_b8b45298999a,prod_ecb2d81aa136,REC_0597,Neogenesis,Regenovue,Regenovue (Deep/Sub-Q),volume_packaging,volume_or_fill: 5mL,https://neogenesis.com/shop/by-product/booster/,2026-06-01T01:40:35+08:00
spec_1bdbcd138c63,pfact_6ebb1865b60a,prod_13826ff0f776,REC_0208,Norseld,Dual Yellow,Dual Yellow Laser,device_energy,energy_wavelength: 2000W,https://norseld.com/wp-content/uploads/2020/01/Dual-Yellow-Laser-Brochure.pdf,2026-06-01T01:40:35+08:00
spec_2bb04748303a,pfact_540fbacd9c43,prod_13826ff0f776,REC_0208,Norseld,Dual Yellow,Dual Yellow Laser,device_energy,energy_wavelength: 300J/cm2,https://norseld.com/wp-content/uploads/2020/01/Dual-Yellow-Laser-Brochure.pdf,2026-06-01T01:40:35+08:00
spec_45bf1d7c5f9d,pfact_cad4f6d7ab17,prod_13826ff0f776,REC_0208,Norseld,Dual Yellow,Dual Yellow Laser,device_energy,energy_wavelength: 511nm,https://norseld.com/wp-content/uploads/2020/01/Dual-Yellow-Laser-Brochure.pdf,2026-06-01T01:40:35+08:00
spec_3694604d4153,pfact_f844505d1f27,prod_55a336021f95,REC_0704,Novoxel,Tixel,Tixel 2 / C,commercial_certification,certification_claim: ISO 13485,https://tixelmed.com/,2026-06-01T01:40:35+08:00
spec_1224fc847c11,pfact_2cc2eaf43b3b,prod_55a336021f95,REC_0704,Novoxel,Tixel,Tixel 2 / C,commercial_certification,certification_claim: MDR,https://tixelmed.com/,2026-06-01T01:40:35+08:00
spec_bc5defc09288,pfact_5ae43dce9472,prod_150ec772863a,REC_0591,Oreon Life Science,Rainbow,Rainbow Threads,commercial_certification,certification_claim: CE mark,http://oreonglobal.com/sub/Thread_RAINBOW_1.php,2026-06-01T01:40:35+08:00
spec_7f22dfafd5c3,pfact_002b8518ff37,prod_bf61496bd02e,REC_0531,PCA Skin,PCA Skin,PCA Peel / Sensi Peel,volume_packaging,volume_or_fill: 206.5mL,https://pcaskincanada.ca/professional,2026-06-01T01:40:35+08:00
spec_81df646aae31,pfact_e4c748ea41ed,prod_bf61496bd02e,REC_0531,PCA Skin,PCA Skin,PCA Peel / Sensi Peel,volume_packaging,volume_or_fill: 29.56mL,https://pcaskincanada.ca/professional,2026-06-01T01:40:35+08:00
spec_797edffe4ef3,pfact_2d1a5bbf0fcb,prod_acddd3fcf65f,REC_0601,PharmaResearch / PR Bio,Rejuran,Rejuran Healer / HB Plus,dose_strength,dose_or_unit: 20mg,https://bioresus.com/product/rejuran-healer/,2026-06-01T01:40:35+08:00
spec_953afc868db3,pfact_4b4fd104a482,prod_acddd3fcf65f,REC_0601,PharmaResearch / PR Bio,Rejuran,Rejuran Healer / HB Plus,volume_packaging,volume_or_fill: 2ml,https://bioresus.com/product/rejuran-healer/,2026-06-01T01:40:35+08:00
spec_54aa75fced30,pfact_2fad8c646b44,prod_370e7de7fb2d,REC_0602,PharmaResearch / PR Bio,Rejuran,Rejuran i / s,volume_packaging,volume_or_fill: 1 syringe,https://www.rejuran.com.au/pages/faq,2026-06-01T01:40:35+08:00
spec_2025e3829dcb,pfact_0861d39aabba,prod_370e7de7fb2d,REC_0602,PharmaResearch / PR Bio,Rejuran,Rejuran i / s,volume_packaging,volume_or_fill: 1ml,https://www.rejuran.com.au/pages/faq,2026-06-01T01:40:35+08:00
spec_fe75f8b8dd25,pfact_4a9855705667,prod_370e7de7fb2d,REC_0602,PharmaResearch / PR Bio,Rejuran,Rejuran i / s,volume_packaging,volume_or_fill: 2 syringe,https://www.rejuran.com.au/pages/faq,2026-06-01T01:40:35+08:00
spec_9c837825f31b,pfact_38752cb55d47,prod_08e6c7f0ca35,REC_0710,Pollogen,TriPollar,TriPollar Stop / Legend,commercial_certification,certification_claim: FDA CLEARED,https://pollogen.com/products/stop-x-model-u/,2026-06-01T01:40:35+08:00
spec_75bf0ed3f54b,pfact_c6594091f93d,prod_d4379bdc7148,REC_0610,Prollenium,Revanesse,Revanesse (Versa/Lips),commercial_certification,certification_claim: ISO 13485,https://prollenium.com/,2026-06-01T01:40:35+08:00
spec_d5cf15b05e7a,pfact_c953770926cd,prod_b77b658280b7,REC_0611,Prollenium Medical,Revanesse,Revanesse Versa / Lips,commercial_certification,certification_claim: CE Mark,https://revanesse.com/global,2026-06-01T01:40:35+08:00
spec_bb40c383b8da,pfact_b33ea665ca4d,prod_b77b658280b7,REC_0611,Prollenium Medical,Revanesse,Revanesse Versa / Lips,commercial_certification,certification_claim: ISO 13485,https://prollenium.com/,2026-06-01T01:40:35+08:00
spec_df10cc060f07,pfact_5a0056255ae0,prod_b77b658280b7,REC_0611,Prollenium Medical,Revanesse,Revanesse Versa / Lips,device_energy,energy_wavelength: 1 w,https://revanesse.com/instructions-for-use/revanesse-lips-ifu/,2026-06-01T01:40:35+08:00
spec_f9e73eff289a,pfact_ca0648bdf8ff,prod_0ad1744af85b,REC_0559,Promoitalia,PQ Age / Pink Intimate,PQ Age Evolution,volume_packaging,volume_or_fill: 14 vials,https://us.webpromoitalia.com/product/pq-age-evolution/,2026-06-01T01:40:35+08:00
spec_66416d5b76ad,pfact_4bc63b8b10a0,prod_0ad1744af85b,REC_0559,Promoitalia,PQ Age / Pink Intimate,PQ Age Evolution,volume_packaging,volume_or_fill: 3ml,https://us.webpromoitalia.com/product/pq-age-evolution/,2026-06-01T01:40:35+08:00
spec_13130b2577e7,pfact_d7e2d790ac9e,prod_8ff2089359ed,REC_0570,Protect-Laserschutz,Protect,Laser Safety Eyewear,device_energy,energy_wavelength: 193 nm,https://protect-laserschutz.de/en/shop/product/pdf/1874,2026-06-01T01:40:35+08:00
spec_3089828e34db,pfact_32d69cf87420,prod_8ff2089359ed,REC_0570,Protect-Laserschutz,Protect,Laser Safety Eyewear,device_energy,energy_wavelength: 248 nm,https://protect-laserschutz.de/en/shop/product/pdf/1874,2026-06-01T01:40:35+08:00
spec_996a9753da57,pfact_8effa2690ee8,prod_8ff2089359ed,REC_0570,Protect-Laserschutz,Protect,Laser Safety Eyewear,device_energy,energy_wavelength: 515 nm,https://protect-laserschutz.de/en/shop/product/pdf/1874,2026-06-01T01:40:35+08:00
spec_9622535fe227,pfact_6a951ab2848c,prod_8ff2089359ed,REC_0570,Protect-Laserschutz,Protect,Laser Safety Eyewear,volume_packaging,volume_or_fill: 30 ml,https://protect-laserschutz.de/en/shop/laser-safety-eyewear-spector-filter-0153-frame-color-white-suitable-also-for-spectacles-wearer~p1694,2026-06-01T01:40:35+08:00
spec_84ff5afd1e0e,pfact_30ee280d5ccd,prod_a580c821bb29,REC_0575,Purlés,Purlés,Chemical Peels,volume_packaging,volume_or_fill: 70ml,https://purles.ee/product-category/for-professionals/promo-material/,2026-06-01T01:40:35+08:00
spec_0e4d084d1bd7,pfact_25b97bb1d1a7,prod_3ff611d11d29,REC_0577,Qosmedix,Qosmedix,Applicators / Disposables,volume_packaging,volume_or_fill: 472 Vials,https://catalog.qosmedix.com/view/23395445/toc/,2026-06-01T01:40:35+08:00
spec_ce8e6974b65b,pfact_0dda20fa4f23,prod_8b39379aa1d5,REC_0910,Quanta System,Chrome Lase-Station,Multi-Application Workstation,device_energy,energy_wavelength: 694 nm,https://www.quantasystem.com/us/laser/chrome/,2026-06-01T01:40:35+08:00
spec_be6ce1cb1a4d,pfact_3981f78cc54d,prod_e43d18c68549,REC_0581,Quanta System,Quanta,Discovery Pico,device_energy,energy_wavelength: 10 Hz,https://www.quanta-thailand.com/?project=discovery-pico,2026-06-01T01:40:35+08:00
spec_effdf4801484,pfact_9629de392809,prod_e43d18c68549,REC_0581,Quanta System,Quanta,Discovery Pico,device_energy,energy_wavelength: 3 Hz,https://www.quanta-thailand.com/?project=discovery-pico,2026-06-01T01:40:35+08:00
spec_d30e6e995742,pfact_21a9276a3e4e,prod_ac8031252362,REC_0628,RFBio,Sardenya,Sardenya (Deep/Shape),volume_packaging,volume_or_fill: 1 syringe,https://www.rfbio.co.kr/web/product,2026-06-01T01:40:35+08:00
spec_5f8f1b2b6fc6,pfact_62b2af68107b,prod_ac8031252362,REC_0628,RFBio,Sardenya,Sardenya (Deep/Shape),volume_packaging,volume_or_fill: 1ml,https://www.rfbio.co.kr/web/product,2026-06-01T01:40:35+08:00
spec_e088254578ef,pfact_c9a4eff948be,prod_6ad873572d1e,REC_0603,Refine,Rejuvapen,Rejuvapen NXT,commercial_certification,certification_claim: CE Mark,https://www.rejuvapennxt.com/providers,2026-06-01T01:40:35+08:00
spec_29440d23360b,pfact_ea2d2e6d7f43,prod_6ad873572d1e,REC_0603,Refine,Rejuvapen,Rejuvapen NXT,commercial_certification,certification_claim: FDA Cleared,https://refineusa.com/product/rejuvapen-nxt/,2026-06-01T01:40:35+08:00
spec_26da41539645,pfact_b58e30950770,prod_0d773d4bf9db,REC_0016,Regen Biotech,AestheFill,AestheFill (PDLLA),commercial_certification,certification_claim: ISO 13485,http://regenbioglobal.com/RegenBioTech,2026-06-01T01:40:35+08:00
spec_8b9fcc5912c9,pfact_8e7a50138b69,prod_2899fff4aab8,REC_0596,Regen Lab SA,Regen Lab,RegenKit (BCT / THT),commercial_certification,certification_claim: ISO 13485,https://regenlabcanada.com/,2026-06-01T01:40:35+08:00
spec_add662a76550,pfact_bb2194e583fd,prod_a89ffe0fcafd,REC_0604,Reneve,Reneve,Endospheres (Comp?),commercial_certification,certification_claim: ISO 13485,https://www.reneve.com/medicaldevices?lang=en,2026-06-01T01:40:35+08:00
spec_1396a90f3e0d,pfact_53c3fc6870af,prod_8c2cbcc5cd9e,REC_0151,Revance Therapeutics,Daxxify,Daxxify (DaxibotulinumtoxinA),material_or_ingredient,composition: botulinum toxin,https://www.revanceaesthetics.com/,2026-06-01T01:40:35+08:00
spec_9f83f903f20d,pfact_a9992608e27e,prod_7d761a89b2ad,REC_0147,Revitacare,Cytocare,Cytocare 516 / 532,volume_packaging,volume_or_fill: 10 vials,https://revitacare.net/medical-devices/1-cytocare-502-516-532.html,2026-06-01T01:40:35+08:00
spec_b1f2ae715314,pfact_e84cb5572075,prod_7d761a89b2ad,REC_0147,Revitacare,Cytocare,Cytocare 516 / 532,volume_packaging,volume_or_fill: 5 mL,https://revitacare.net/medical-devices/1-cytocare-502-516-532.html,2026-06-01T01:40:35+08:00
spec_b86977bcab37,pfact_bd41b538b7b7,prod_c2989c822390,REC_0004,Rion Aesthetics,plated,PEP (Purified Exosome Product),device_energy,energy_wavelength: 1500w,https://www.rionaesthetics.com/news-events/rion-aesthetics-novel-exosome-technology-validated-in-clinical-study-now-proven-to-address-signs-of-skin-aging-on-the-face-and-neck,2026-06-01T01:40:35+08:00
spec_00992eefcb6f,pfact_fb4ef953092c,prod_8950b9e51f0d,REC_0579,S. Thepharm,QTFill,QTFill Plus,commercial_certification,certification_claim: MDR,https://qtfill.com.au/pages/about-us,2026-06-01T01:40:35+08:00
spec_49dae9d398c2,pfact_c5ca61a1e80c,prod_60559b8b5d33,REC_0990,Sciton,HALO,HALO TRIBRID,device_energy,energy_wavelength: 2940 nm,https://sciton.com/resurfacing-just-changed-forever-sciton-unveils-halo-tribrid-the-worlds-first-triple-wavelength-resurfacing-laser/,2026-06-01T01:40:35+08:00
spec_4a0ff6585228,pfact_eddca823d03f,prod_b8e4460ae688,REC_0988,Sciton,Sciton,mJOULE,device_energy,energy_wavelength: 5000 W,https://sciton.com/sciton-lasers/,2026-06-01T01:40:35+08:00
spec_6d36c7f2ef6f,pfact_3a058ad0c3d3,prod_bcc339ac7d66,REC_0640,Senté Labs,Senté,Dermal Repair Cream,device_energy,energy_wavelength: 352w,https://sentelabs.com/,2026-06-01T01:40:35+08:00
spec_621e188ba426,pfact_455259f2ffca,prod_bcc339ac7d66,REC_0640,Senté Labs,Senté,Dermal Repair Cream,device_energy,energy_wavelength: 600w,https://sentelabs.com/,2026-06-01T01:40:35+08:00
spec_9f7d67feb384,pfact_8dc7abdc30c5,prod_bcc339ac7d66,REC_0640,Senté Labs,Senté,Dermal Repair Cream,volume_packaging,volume_or_fill: 30mL,https://sentelabs.com/product/dermal-repair-cream/,2026-06-01T01:40:35+08:00
spec_15b1d3b54813,pfact_a76de4f02cf5,prod_bcc339ac7d66,REC_0640,Senté Labs,Senté,Dermal Repair Cream,volume_packaging,volume_or_fill: 50mL,https://sente.co.uk/,2026-06-01T01:40:35+08:00
spec_14be08c4d6ee,pfact_cc1fc2b1b601,prod_f34f92526234,REC_0642,Sesderma,Sesderma,C-Vit / Azelac,volume_packaging,volume_or_fill: 30ml,https://www.sesderma.com/int_es/AZELAC-RU-Liposomal-Serum-40000064.html,2026-06-01T01:40:35+08:00
spec_5b80bb51fe42,pfact_a0e4388f87d4,prod_c4efc6e77f0f,REC_0120,Sinclair Pharma,Cocoon Medical,Elysion Pro,device_energy,energy_wavelength: 2000W,https://sinclair.com/uk/brands/energy-devices/,2026-06-01T01:40:35+08:00
spec_bb8dcd049c48,pfact_ec9b34001de9,prod_5c3441c05358,REC_0622,Skin Tech,RRS,RRS HA Tensor Lift,volume_packaging,volume_or_fill: 5 mL,https://www.skintechpharmagroup.bg/products/injections/rrs-ha-tensor-lift,2026-06-01T01:40:35+08:00
spec_0a57900bc53a,pfact_e62153a3c62f,prod_30cc22c2fe5d,REC_0652,Skin Tech,Skin Tech,Easy Phytic,volume_packaging,volume_or_fill: 50ml,https://www.skintechpharmagroup.com/products/peelings/superficial/easy-phytic-peel/,2026-06-01T01:40:35+08:00
spec_6ab1fd41c71a,pfact_bd6ad821bf0e,prod_70aeab73aa1c,REC_0650,Skin Tech,Skin Tech,Easy TCA,volume_packaging,volume_or_fill: 10ml,https://www.skintechpharmagroup.com/products/peelings/medium/easy-tca-pain-control-4/,2026-06-01T01:40:35+08:00
spec_239ab8584a18,pfact_d7639c3d00a9,prod_70aeab73aa1c,REC_0650,Skin Tech,Skin Tech,Easy TCA,volume_packaging,volume_or_fill: 30ml,https://www.skintechpharmagroup.com/products/peelings/medium/easy-tca-classic-24/,2026-06-01T01:40:35+08:00
spec_de73be1ba666,pfact_618fb28082e7,prod_543eff7632c4,REC_0651,Skin Tech,Skin Tech,Lip & Eyelid,volume_packaging,volume_or_fill: 5ml,https://www.skintechpharmagroup.com/products/peelings/deep/lip-eyelid/,2026-06-01T01:40:35+08:00
spec_5fa775192283,pfact_5ed437947d98,prod_47e4043a000e,REC_0656,Skinderma Medical,Skinderma,Meso Vials,volume_packaging,volume_or_fill: 10ml,https://mesotherapy-solutions.com/,2026-06-01T01:40:35+08:00
spec_76ef3a6c3da7,pfact_b3a736f85d6d,prod_78a294f0194d,REC_0673,Solawave,Solawave,Skincare Wand,device_energy,energy_wavelength: 630nm,https://solawave.onsitesupport.io/attachments/12?token=0607e8b735056b2338c4458f19df6dd4.pdf,2026-06-01T01:40:35+08:00
spec_22ade611e3fc,pfact_fa4e61d436d3,prod_78a294f0194d,REC_0673,Solawave,Solawave,Skincare Wand,device_energy,energy_wavelength: 74522707887 w,https://www.solawave.co/collections/all-products,2026-06-01T01:40:35+08:00
spec_2feece5213da,pfact_0e2335670332,prod_78a294f0194d,REC_0673,Solawave,Solawave,Skincare Wand,volume_packaging,volume_or_fill: 40cc,https://www.solawave.co/collections/shop-all,2026-06-01T01:40:35+08:00
spec_3fe3d17fde2c,pfact_ad97e7c1afb5,prod_6396464378ec,REC_0285,Solta Medical,Fraxel,Fraxel DUAL,commercial_certification,certification_claim: CE Mark,http://www.soltamedicalus.com/clinical-insights.html,2026-06-01T01:40:35+08:00
spec_d6a19369eaed,pfact_22fb4d8bd512,prod_6396464378ec,REC_0285,Solta Medical,Fraxel,Fraxel DUAL,commercial_certification,certification_claim: ISO 13485,http://www.soltamedicalus.com/clinical-insights.html,2026-06-01T01:40:35+08:00
spec_af0a27eae879,pfact_1f93d2670d62,prod_6396464378ec,REC_0285,Solta Medical,Fraxel,Fraxel DUAL,device_energy,energy_wavelength: 1550nm,https://soltamedical.magentrixcloud.com/,2026-06-01T01:40:35+08:00
spec_a0864972c4d1,pfact_43a79e5ee908,prod_6396464378ec,REC_0285,Solta Medical,Fraxel,Fraxel DUAL,device_energy,energy_wavelength: 1927nm,https://soltamedical.magentrixcloud.com/,2026-06-01T01:40:35+08:00
spec_ce86fe93ec2e,pfact_7d80e44a3529,prod_1cd5e7bc531f,REC_0117,Solta Medical,Clear + Brilliant,Clear + Brilliant,commercial_certification,certification_claim: CE Mark,http://www.soltamedicalus.com/clinical-insights.html,2026-06-01T01:40:35+08:00
spec_38e5dc04575d,pfact_0767bdb6e8ab,prod_1cd5e7bc531f,REC_0117,Solta Medical,Clear + Brilliant,Clear + Brilliant,commercial_certification,certification_claim: ISO 13485,http://www.soltamedicalus.com/clinical-insights.html,2026-06-01T01:40:35+08:00
spec_5c199e0f4349,pfact_36973ca1859b,prod_1cd5e7bc531f,REC_0117,Solta Medical,Clear + Brilliant,Clear + Brilliant,device_energy,energy_wavelength: 1440 nm,https://soltamedical.co.uk/,2026-06-01T01:40:35+08:00
spec_69b67faf9a5b,pfact_9a3016651d1d,prod_1cd5e7bc531f,REC_0117,Solta Medical,Clear + Brilliant,Clear + Brilliant,device_energy,energy_wavelength: 1927 nm,https://soltamedical.co.uk/,2026-06-01T01:40:35+08:00
spec_989cd9560b38,pfact_eb0e361b160c,prod_49f4714b934f,REC_0698,Solta Medical,Thermage,Thermage FLX,commercial_certification,certification_claim: CE Mark,http://www.soltamedicalus.com/clinical-insights.html,2026-06-01T01:40:35+08:00
spec_e41eb7d03d4d,pfact_dc4edb879ff8,prod_49f4714b934f,REC_0698,Solta Medical,Thermage,Thermage FLX,commercial_certification,certification_claim: ISO 13485,http://www.soltamedicalus.com/clinical-insights.html,2026-06-01T01:40:35+08:00
spec_54a75b088df1,pfact_a94761a4ed38,prod_6df40f5cb83f,REC_0679,Stratpharma,Strataderm,Strataderm / Stratamed,commercial_certification,certification_claim: ISO 13485,https://stratpharma.com/about/,2026-06-01T01:40:35+08:00
spec_db4ee924f829,pfact_d324034ed093,prod_b4730a9646d8,REC_0105,Suisselle,Cellbooster Hair / Shape,Hair / Fat,dose_strength,dose_or_unit: 18 mg,https://suisselle.com/wp-content/uploads/PME_14_5_suisselle.pdf,2026-06-01T01:40:35+08:00
spec_10a8063ea54b,pfact_5a3903cce563,prod_b4730a9646d8,REC_0105,Suisselle,Cellbooster Hair / Shape,Hair / Fat,volume_packaging,volume_or_fill: 6 ml,https://suisselle.com/wp-content/uploads/PME_14_5_suisselle.pdf,2026-06-01T01:40:35+08:00
spec_88fdf8540692,pfact_b257743bd574,prod_1fd28cd8b860,REC_0066,Suneva Medical,Bellafill,Bellafill,volume_packaging,volume_or_fill: 0077cc,https://www.suneva.com/contact/,2026-06-01T01:40:35+08:00
spec_2feb300f5fe0,pfact_256e5a0df1b0,prod_b66cec386d41,REC_0271,Swiss Scientific Lab,Fillyal,Fillyal (Small/Deep),dose_strength,dose_or_unit: 22mg,https://swissscientificlab.ch/,2026-06-01T01:40:35+08:00
spec_7edb466b546f,pfact_25807ad45320,prod_b66cec386d41,REC_0271,Swiss Scientific Lab,Fillyal,Fillyal (Small/Deep),dose_strength,dose_or_unit: 24mg,https://swissscientificlab.ch/,2026-06-01T01:40:35+08:00
spec_2be842092a99,pfact_281af8b04431,prod_b66cec386d41,REC_0271,Swiss Scientific Lab,Fillyal,Fillyal (Small/Deep),volume_packaging,volume_or_fill: 1ml,https://swissscientificlab.ch/,2026-06-01T01:40:35+08:00
spec_b38f196ea6e2,pfact_ed7690e510fb,prod_63e326c31c5a,REC_0685,Symatese,Symatese,Collagen / Injection Sys,commercial_certification,certification_claim: CE marked,https://symateselatam.com.br/,2026-06-01T01:40:35+08:00
spec_68947a76c594,pfact_1164d36d3a4e,prod_63e326c31c5a,REC_0685,Symatese,Symatese,Collagen / Injection Sys,volume_packaging,volume_or_fill: 5CC,https://symateselatam.com.br/,2026-06-01T01:40:35+08:00
spec_63f25c7a995d,pfact_e35e2c34b924,prod_6b29761a54f3,REC_0689,Teoxane Laboratories,Teosyal,Redensity (I / II),volume_packaging,volume_or_fill: 1 ml,https://www.teoxane.com/en/productinfo-ksa,2026-06-01T01:40:35+08:00
spec_bc9a9d472b51,pfact_61abd96ca1a7,prod_6b29761a54f3,REC_0689,Teoxane Laboratories,Teosyal,Redensity (I / II),volume_packaging,volume_or_fill: 3 ml,https://www.teoxane.com/en/productinfo-ksa,2026-06-01T01:40:35+08:00
spec_544b1c4a3568,pfact_8cab9f3e5f64,prod_b1183ba655b3,REC_0697,Theraderm,Theraderm,BB Cream / OPC,volume_packaging,volume_or_fill: 50ml,https://theraderm-france.fr/,2026-06-01T01:40:35+08:00
spec_61a5b9b77bb9,pfact_f3c65d443e8e,prod_c7f1391a192a,REC_0645,Tiger Aesthetics,Sientra,Opus (HSC / HSC+),volume_packaging,volume_or_fill: 190cc,https://sientra-store.medshift.com/,2026-06-01T01:40:35+08:00
spec_4c8b35fd7eca,pfact_6b51ad3f9a6d,prod_c7f1391a192a,REC_0645,Tiger Aesthetics,Sientra,Opus (HSC / HSC+),volume_packaging,volume_or_fill: 205cc,https://sientra-store.medshift.com/,2026-06-01T01:40:35+08:00
spec_b364f3f1070c,pfact_bb8acae8fecc,prod_c7f1391a192a,REC_0645,Tiger Aesthetics,Sientra,Opus (HSC / HSC+),volume_packaging,volume_or_fill: 225cc,https://sientra-store.medshift.com/,2026-06-01T01:40:35+08:00
spec_5a3ae1e32abe,pfact_1aa3ff0c197a,prod_fbdb8a96afaf,REC_0722,Ultra V,Ultra V,Idebenone Ampoule,device_energy,energy_wavelength: 60hz,https://www.ultravmed.com/,2026-06-01T01:40:35+08:00
spec_f5facbc33983,pfact_9e29b9ce334e,prod_fbdb8a96afaf,REC_0722,Ultra V,Ultra V,Idebenone Ampoule,volume_packaging,volume_or_fill: 4 vial,https://www.ultravindia.com/products/idebenone-ampoule,2026-06-01T01:40:35+08:00
spec_32d284f82c05,pfact_b479cdfc3195,prod_fbdb8a96afaf,REC_0722,Ultra V,Ultra V,Idebenone Ampoule,volume_packaging,volume_or_fill: 4 vials,https://www.ultravindia.com/products/idebenone-ampoule,2026-06-01T01:40:35+08:00
spec_352b62310009,pfact_77e569c99eb6,prod_fbdb8a96afaf,REC_0722,Ultra V,Ultra V,Idebenone Ampoule,volume_packaging,volume_or_fill: 8ml,https://www.ultravindia.com/products/idebenone-ampoule,2026-06-01T01:40:35+08:00
spec_bff62bdd30d4,pfact_7b94ba0f711c,prod_3da98131f9ad,REC_0721,Ultra V,Ultra V,Ultra V Lift (Hiko/Cog),device_energy,energy_wavelength: 60hz,https://www.ultravmed.com/,2026-06-01T01:40:35+08:00
spec_3e707a206151,pfact_16ed2f7b9e79,prod_81b428fce6e4,REC_0021,Union Medical,AirJet,AirJet II,device_energy,energy_wavelength: 1450nm,https://www.unionmedical.vn/,2026-06-01T01:40:35+08:00
spec_64e4bbf61286,pfact_b48faa302eb2,prod_aa09a611a6d8,REC_0730,Utsukusy Cosmetics,Utsukusy,Dragon's Blood / Hyaluron,volume_packaging,volume_or_fill: 34 ml,https://utsukusycosmetics.es/tienda/producto/set-sangre-de-dragon/,2026-06-01T01:40:35+08:00
spec_24091514441e,pfact_0723144ebca5,prod_aa09a611a6d8,REC_0730,Utsukusy Cosmetics,Utsukusy,Dragon's Blood / Hyaluron,volume_packaging,volume_or_fill: 50 ml,https://utsukusycosmetics.es/tienda/producto/set-sangre-de-dragon/,2026-06-01T01:40:35+08:00
spec_1e5edd9def00,pfact_b82d3f6e3c41,prod_94de9d607127,REC_0760,VSoft Lift,VSoft,VSoft Lift Threads,commercial_certification,certification_claim: FDA Cleared,https://www.vsoftlift.us/,2026-06-01T01:40:35+08:00
spec_a85821d22141,pfact_b52cd1cf91d8,prod_99657d8cd549,REC_0922,Venus Concept,Venus Fiore,Venus Fiore,commercial_certification,certification_claim: CE Mark,https://www.venus.ai/en-gb/regulatory,2026-06-01T01:40:35+08:00
spec_9b1b472bc690,pfact_0deb517e80ee,prod_6d4643c67c85,REC_0744,Venus Concept,Venus Versa,Venus Versa / Tribella,commercial_certification,certification_claim: CE Mark,https://info.venusconcept.com/venusversa/,2026-06-01T01:40:35+08:00
spec_77060587d83c,pfact_25038102833f,prod_8651924ee70e,REC_0306,W.L. Gore & Associates,Gore-Tex,ePTFE Implants,commercial_certification,certification_claim: MDR,https://www.goremedical.com/en-emea/products/cardiovascular-patch,2026-06-01T01:40:35+08:00
spec_a26338feb92c,pfact_1b3860152533,prod_bb2703fb8d76,REC_0943,Wontech,ULTRASKIN,ULTRASKIN TIGHTAN II,device_energy,energy_wavelength: 1 w,https://ultraskin.pl/,2026-06-01T01:40:35+08:00
spec_613dc85bc5b3,pfact_173a113c218a,prod_bb2703fb8d76,REC_0943,Wontech,ULTRASKIN,ULTRASKIN TIGHTAN II,device_energy,energy_wavelength: 4 Mhz,https://ultraskin.pl/,2026-06-01T01:40:35+08:00
spec_ea59934c264e,pfact_a54c056f813e,prod_bb2703fb8d76,REC_0943,Wontech,ULTRASKIN,ULTRASKIN TIGHTAN II,device_energy,energy_wavelength: 7 Mhz,https://ultraskin.pl/,2026-06-01T01:40:35+08:00
spec_6cffe12dd60a,pfact_099d873af2b1,prod_e565b4dad018,REC_0783,Zenix Professional,Zenix,Clay Mask / Peel-off,volume_packaging,volume_or_fill: 100 ml,https://zenixcosmetic.com/,2026-06-01T01:40:35+08:00
spec_cbf886c64564,pfact_73057125ee31,prod_e565b4dad018,REC_0783,Zenix Professional,Zenix,Clay Mask / Peel-off,volume_packaging,volume_or_fill: 1000 ml,http://zenixcosmetic.com/,2026-06-01T01:40:35+08:00
spec_9f95ea9c6e49,pfact_3a59ef2d7164,prod_e565b4dad018,REC_0783,Zenix Professional,Zenix,Clay Mask / Peel-off,volume_packaging,volume_or_fill: 115 ml,http://zenixcosmetic.com/,2026-06-01T01:40:35+08:00
spec_c19d4d0ab82f,pfact_d729f5ce6041,prod_f34dc5b15d2d,REC_0784,Zimmer MedizinSysteme,Zimmer,Cryo 6 / 7,device_energy,energy_wavelength: 25 W,https://zimmerusa.com/products/cryo-therapy/cryo-7/cryo-7-brochure/,2026-06-01T01:40:35+08:00
spec_4495b2e1c685,pfact_9f03690f07d6,prod_f34dc5b15d2d,REC_0784,Zimmer MedizinSysteme,Zimmer,Cryo 6 / 7,dose_strength,dose_or_unit: 6 units,https://aesthetic.zimmerusa.com/,2026-06-01T01:40:35+08:00
spec_ad539a6d31f0,pfact_01f67a0f3d39,prod_326e6862c0c2,REC_0785,Zimmer MedizinSysteme,Zimmer,Z Wave,device_energy,energy_wavelength: 22 Hz,https://zimmer-aesthetics.de/en/products/zwave-pro/,2026-06-01T01:40:35+08:00
spec_651150b1b175,pfact_d498fac56862,prod_326e6862c0c2,REC_0785,Zimmer MedizinSysteme,Zimmer,Z Wave,device_energy,energy_wavelength: 25 W,https://zimmerusa.com/products/physical-medicine/radial-pulse-shockwave/zwaveq/,2026-06-01T01:40:35+08:00
