"action_group","cert_in_global","suggested_next_action","certificate_no","track_name","category","brand","product_name","registrant","origin","approval_date","valid_until","official_status","official_verification_status","official_product_name","official_registrant","official_scope","main_landscape_included","source_url","entity_match_hint","company_profile_text_hint"
"missing_verified_no_entity_hint","no","有官方核验证号，但全球库未明显命中实体；多半是中国本土/细分证号，需判断是否进入全球产品线","国械注准20163130861","透明质酸钠","透明质酸钠","注射用修饰透明质酸钠凝胶","注射用修饰透明质酸钠凝胶","华熙生物科技股份有限公司","国产","2021-05-31","2026-05-30","verified","已官方核验/国家政务服务平台NMPA器械查询","注射用修饰透明质酸钠凝胶","华熙生物科技股份有限公司","该产品用于面部真皮组织中层至深层注射以纠正中重度鼻唇部皱纹。","是","https://mp.weixin.qq.com/s/0NiHLEMxBuJgpZmpo6anKw","","no"
"missing_verified_no_entity_hint","no","有官方核验证号，但全球库未明显命中实体；多半是中国本土/细分证号，需判断是否进入全球产品线","国械注准20163131804","透明质酸钠","透明质酸钠","注射用透明质酸钠复合溶液","注射用透明质酸钠复合溶液","爱美客技术发展股份有限公司","国产","2021-03-19","2026-03-18","verified","已官方核验/国家政务服务平台NMPA器械查询","注射用透明质酸钠复合溶液","爱美客技术发展股份有限公司","该产品用于皮内真皮层注射填充，以纠正颈部中重度皱纹。","是","https://mp.weixin.qq.com/s/0NiHLEMxBuJgpZmpo6anKw","","no"
"missing_verified_no_entity_hint","no","有官方核验证号，但全球库未明显命中实体；多半是中国本土/细分证号，需判断是否进入全球产品线","国械注准20163131809","透明质酸钠","透明质酸钠","医用透明质酸钠-羟丙基甲基纤维素凝胶","医用透明质酸钠-羟丙基甲基纤维素凝胶","爱美客技术发展股份有限公司","国产","2021-02-26","2026-02-25","verified","已官方核验/国家政务服务平台NMPA器械查询","医用透明质酸钠-羟丙基甲基纤维素凝胶","爱美客技术发展股份有限公司","该产品用于皮肤皮下浅层至深层之间的填充,以纠正中重度额部皱纹和中重度鼻唇沟皱纹。","是","https://mp.weixin.qq.com/s/0NiHLEMxBuJgpZmpo6anKw","","no"
"missing_verified_no_entity_hint","no","有官方核验证号，但全球库未明显命中实体；多半是中国本土/细分证号，需判断是否进入全球产品线","国械注准20163132497","透明质酸钠","透明质酸钠","医用含聚乙烯醇凝胶微球的透明质酸钠-羟丙基甲基纤维素凝胶","医用含聚乙烯醇凝胶微球的透明质酸钠-羟丙基甲基纤维素凝胶","爱美客技术发展股份有限公司","国产","2021-03-17","2026-03-16","verified","已官方核验/国家政务服务平台NMPA器械查询","医用含聚乙烯醇凝胶微球的透明质酸钠-羟丙基甲基纤维素凝胶","爱美客技术发展股份有限公司","该产品用于皮肤真皮深层及皮下浅层之间注射填充，以纠正中重度额部皱纹和中重度鼻唇部皱纹。","是","https://mp.weixin.qq.com/s/0NiHLEMxBuJgpZmpo6anKw","","no"
"missing_verified_no_entity_hint","no","有官方核验证号，但全球库未明显命中实体；多半是中国本土/细分证号，需判断是否进入全球产品线","国械注准20173133254","透明质酸钠","透明质酸钠","注射用交联透明质酸钠凝胶","注射用交联透明质酸钠凝胶","山东凯乐普生物工程有限公司","国产","2021-07-15","2026-07-14","verified","已官方核验/国家政务服务平台NMPA器械查询","注射用修饰透明质酸钠凝胶","山东凯乐普生物工程有限公司","该产品适用于面部真皮组织中层至深层注射以纠正中重度鼻唇沟皱褶。","是","https://mp.weixin.qq.com/s/0NiHLEMxBuJgpZmpo6anKw","","no"
"missing_verified_no_entity_hint","no","有官方核验证号，但全球库未明显命中实体；多半是中国本土/细分证号，需判断是否进入全球产品线","国械注准20213130191","透明质酸钠","透明质酸钠","注射用交联透明质酸钠凝胶","注射用交联透明质酸钠凝胶","杭州科腾生物制品有限公司","国产","2021-03-18","2026-03-17","verified","已官方核验/国家政务服务平台NMPA器械查询","注射用交联透明质酸钠凝胶","杭州科腾生物制品有限公司","适用于面部皮肤真皮组织中层至深层注射，以纠正中重度鼻唇沟。","是","https://mp.weixin.qq.com/s/0NiHLEMxBuJgpZmpo6anKw","","no"
"missing_verified_no_entity_hint","no","有官方核验证号，但全球库未明显命中实体；多半是中国本土/细分证号，需判断是否进入全球产品线","国械注许20163130035","透明质酸钠","透明质酸钠","注射用交联透明质酸钠凝胶 Formaderm Dermal Filler Injection","注射用交联透明质酸钠凝胶 Formaderm Dermal Filler Injection","和康生物科技股份有限公司","港澳台","2021-07-02","2026-07-01","verified","已官方核验/国家政务服务平台NMPA器械查询","注射用交联透明质酸钠凝胶Formaderm Dermal Filler Injection","和康生物科技股份有限公司","适用于面部真皮组织中层注射以纠正中重度鼻唇沟皱纹。","是","https://mp.weixin.qq.com/s/0NiHLEMxBuJgpZmpo6anKw","","no"
"not_found_hold","no","暂不入库：registration 项目也标记官方未查到/需复核","国械注进20163130114","透明质酸钠","透明质酸钠","注射用修饰透明质酸钠凝胶","注射用修饰透明质酸钠凝胶","LG Chem, Ltd.","进口","2021-02-18","2026-02-17","not_found","官方未查到/需复核","","","","是","https://mp.weixin.qq.com/s/0NiHLEMxBuJgpZmpo6anKw","Arkana Cosmetics / Neuro GABA & NANA Peels / 神经美容酸/焕肤剂 / 神经美容酸/焕肤剂 || Asterasys / Aqua Peel Tera / 皮肤清洁设备 (Aqua Peel) / 皮肤清洁设备 (Aqua Peel) || Baz Biomedic / AquaClean / AquaClean Mini / 皮肤清洁管理系统 (Aqua Peeling) / 皮肤清洁管理系统 (Aqua Peeling)","yes"
"already_in_global","yes","已在全球库 registration_evidence 中，无需重复导入","国械注进20173135168","透明质酸钠","透明质酸钠","注射用修饰透明质酸钠凝胶 Princess Volume","注射用修饰透明质酸钠凝胶 Princess Volume","克罗玛医药有限公司 CROMA-PHARMA","进口","2021-06-24","2026-06-23","verified","已官方核验/国家政务服务平台NMPA器械查询","注射用修饰透明质酸钠凝胶Princess Volume","克罗玛医药有限公司CROMA-PHARMA GmbH","该产品适用于面部真皮组织中层至深层注射，以纠正鼻唇沟。","是","https://mp.weixin.qq.com/s/0NiHLEMxBuJgpZmpo6anKw","","no"
"already_in_global","yes","已在全球库 registration_evidence 中，无需重复导入","国械注进20213130059","透明质酸钠","透明质酸钠","注射用交联透明质酸钠凝胶 Cross-linked Sodium Hyaluronate Gel for Injection","注射用交联透明质酸钠凝胶 Cross-linked Sodium Hyaluronate Gel for Injection","科医有限公司 Q-Med AB","进口","2021-03-03","2026-03-02","verified","已官方核验/国家政务服务平台NMPA器械查询","注射用交联透明质酸钠凝胶Cross-linked Sodium Hyaluronate Gel for Injection","科医有限公司Q-Med AB","本产品适用于面部真皮组织中层至深层填充以纠正中度至重度鼻唇沟皱纹。适用于注射到骨膜上，填充下颌区域，以改善轻度至中度下颌后缩患者的下颌轮廓。","是","https://mp.weixin.qq.com/s/0NiHLEMxBuJgpZmpo6anKw","","no"
"already_in_global","yes","已在全球库 registration_evidence 中，无需重复导入","国械注进20213130109","透明质酸钠","透明质酸钠","含利多卡因注射用交联透明质酸钠凝胶 Juvéderm VOLBELLA with Lidocaine","含利多卡因注射用交联透明质酸钠凝胶 Juvéderm VOLBELLA with Lidocaine","艾尔建 / AbbVie","进口","2021-04-19","2026-04-18","verified","已官方核验/国家政务服务平台NMPA器械查询","含利多卡因注射用交联透明质酸钠凝胶Juvéderm VOLBELLA with Lidocaine","艾尔建ALLERGAN","该产品通过注射至唇红体和唇红缘的唇粘膜、真皮浅层或中层，以矫正唇部不对称、轮廓畸形和容积缺损等结构缺陷。利多卡因可减轻治疗过程中患者的疼痛。","是","https://mp.weixin.qq.com/s/0NiHLEMxBuJgpZmpo6anKw","","no"
"already_in_global","yes","已在全球库 registration_evidence 中，无需重复导入","国械注进20213130421","透明质酸钠","透明质酸钠","注射用交联透明质酸钠凝胶 Belotero Balance Lidocaine","注射用交联透明质酸钠凝胶 Belotero Balance Lidocaine","安缇思股份公司 Anteis SA","进口","2021-10-21","2026-10-20","verified","已官方核验/国家政务服务平台NMPA器械查询","注射用交联透明质酸钠凝胶Belotero Balance Lidocaine","安缇思股份公司 Anteis SA","产品适用于面部真皮组织中层注射纠正中度鼻唇沟皱纹。","是","https://mp.weixin.qq.com/s/0NiHLEMxBuJgpZmpo6anKw","","no"
"already_in_global","yes","已在全球库 registration_evidence 中，无需重复导入","国械注进20213130485","透明质酸钠","透明质酸钠","含利多卡因注射用交联透明质酸钠凝胶 Juvéderm VOLUMA with Lidocaine","含利多卡因注射用交联透明质酸钠凝胶 Juvéderm VOLUMA with Lidocaine","艾尔建 / AbbVie","进口","2021-11-26","2026-11-25","verified","已官方核验/国家政务服务平台NMPA器械查询","含利多卡因注射用交联透明质酸钠凝胶 Juvéderm VOLUMA with Lidocaine","艾尔建 Allergan","产品适用于面颊部深层（皮下和/或骨膜上）注射，以重塑面部容积；适用于鼻背、鼻小柱和前鼻棘部位骨膜上层（硬骨膜上和/或软骨膜上）注射，以改善外鼻体积及形态。","是","https://mp.weixin.qq.com/s/0NiHLEMxBuJgpZmpo6anKw","","no"
"missing_verified_no_entity_hint","no","有官方核验证号，但全球库未明显命中实体；多半是中国本土/细分证号，需判断是否进入全球产品线","国械注准20173130810","透明质酸钠","透明质酸钠","注射用交联透明质酸钠凝胶","注射用交联透明质酸钠凝胶","上海其胜生物制剂有限公司","国产","2022-02-08","2027-05-21","verified","已官方核验/国家政务服务平台NMPA器械查询","注射用交联透明质酸钠凝胶","上海其胜生物制剂有限公司","该产品适用于面部真皮组织中层至深层注射以纠正中重度鼻唇沟。","是","https://mp.weixin.qq.com/s/0NiHLEMxBuJgpZmpo6anKw","","no"
"missing_verified_no_entity_hint","no","有官方核验证号，但全球库未明显命中实体；多半是中国本土/细分证号，需判断是否进入全球产品线","国械注准20173134379","透明质酸钠","透明质酸钠","医用羟丙基甲基纤维素-透明质酸钠溶液","医用羟丙基甲基纤维素-透明质酸钠溶液","爱美客技术发展股份有限公司","国产","2022-09-02","2027-09-06","verified","已官方核验/国家政务服务平台NMPA器械查询","医用羟丙基甲基纤维素-透明质酸钠溶液","爱美客技术发展股份有限公司","该产品用于皮肤真皮深层至皮下浅层之间注射填充，以纠正额部皱纹和中重度鼻唇部皱纹。","是","https://mp.weixin.qq.com/s/0NiHLEMxBuJgpZmpo6anKw","","no"
"missing_verified_no_entity_hint","no","有官方核验证号，但全球库未明显命中实体；多半是中国本土/细分证号，需判断是否进入全球产品线","国械注准20183130109","透明质酸钠","透明质酸钠","注射用交联透明质酸钠凝胶","注射用交联透明质酸钠凝胶","常州药物研究所有限公司","国产","2022-04-29","2028-03-27","verified","已官方核验/国家政务服务平台NMPA器械查询","注射用交联透明质酸钠凝胶","常州药物研究所有限公司","该产品用于面部真皮组织中层注射以纠正中重度鼻唇部皱纹。","是","https://mp.weixin.qq.com/s/0NiHLEMxBuJgpZmpo6anKw","","no"
"missing_verified_no_entity_hint","no","有官方核验证号，但全球库未明显命中实体；多半是中国本土/细分证号，需判断是否进入全球产品线","国械注准20223130481","透明质酸钠","透明质酸钠","注射用交联透明质酸钠凝胶","注射用交联透明质酸钠凝胶","浙江景嘉医疗科技有限公司","国产","2022-04-12","2027-04-11","verified","已官方核验/国家政务服务平台NMPA器械查询","注射用交联透明质酸钠凝胶","浙江景嘉医疗科技有限公司","该产品用于面部真皮组织中层至深层注射以纠正中重度鼻唇沟皱纹。","是","https://mp.weixin.qq.com/s/0NiHLEMxBuJgpZmpo6anKw","","no"
"missing_verified_no_entity_hint","no","有官方核验证号，但全球库未明显命中实体；多半是中国本土/细分证号，需判断是否进入全球产品线","国械注准20223130516","透明质酸钠","透明质酸钠","注射用交联透明质酸钠凝胶","注射用交联透明质酸钠凝胶","北京凯诺瑞和医疗器械有限公司","国产","2022-04-20","2027-04-19","verified","已官方核验/国家政务服务平台NMPA器械查询","注射用交联透明质酸钠凝胶","北京凯诺瑞和医疗器械有限公司","该产品用于面部真皮组织中层至深层注射以纠正中重度鼻唇沟皱纹。","是","https://mp.weixin.qq.com/s/0NiHLEMxBuJgpZmpo6anKw","","no"
"missing_verified_no_entity_hint","no","有官方核验证号，但全球库未明显命中实体；多半是中国本土/细分证号，需判断是否进入全球产品线","国械注准20223130874","透明质酸钠","透明质酸钠","注射用交联透明质酸钠凝胶","注射用交联透明质酸钠凝胶","武汉医佳宝生物材料有限公司","国产","2022-07-11","2027-07-10","verified","已官方核验/国家政务服务平台NMPA器械查询","注射用交联透明质酸钠凝胶","武汉医佳宝生物材料有限公司","该产品适用于面部真皮组织中层至深层注射以纠正中重度鼻唇沟皱纹。","是","https://mp.weixin.qq.com/s/0NiHLEMxBuJgpZmpo6anKw","","no"
"missing_verified_no_entity_hint","no","有官方核验证号，但全球库未明显命中实体；多半是中国本土/细分证号，需判断是否进入全球产品线","国械注准20223131647","透明质酸钠","透明质酸钠","注射用交联透明质酸钠凝胶","注射用交联透明质酸钠凝胶","华熙生物科技股份有限公司","国产","2022-12-14","2027-12-13","verified","已官方核验/国家政务服务平台NMPA器械查询","注射用交联透明质酸钠凝胶","华熙生物科技股份有限公司","该产品适用于注射到皮下至骨膜上层用于矫正中面部容量缺失和/或中面部轮廓缺陷。","是","https://mp.weixin.qq.com/s/0NiHLEMxBuJgpZmpo6anKw","","no"
"already_in_global","yes","已在全球库 registration_evidence 中，无需重复导入","国械注进20173132005","透明质酸钠","透明质酸钠","注射用修饰透明质酸钠凝胶","注射用修饰透明质酸钠凝胶","LG化学 LG Chem, Ltd.","进口","2022-07-01","2027-06-30","verified","已官方核验/国家政务服务平台NMPA器械查询","注射用修饰透明质酸钠凝胶Modified Sodium Hyaluronate Gel for Injection","俪维美学有限公司 LYV Sciences Co.,Ltd","该产品用于面部真皮组织中层至深层注射，以纠正中重度鼻唇部皱纹。","是","https://mp.weixin.qq.com/s/0NiHLEMxBuJgpZmpo6anKw","","no"
"already_in_global","yes","已在全球库 registration_evidence 中，无需重复导入","国械注进20183131717","透明质酸钠","透明质酸钠","注射用修饰透明质酸钠凝胶 YVOIRE volume s","注射用修饰透明质酸钠凝胶 YVOIRE volume s","LG化学 LG Chem, Ltd.","进口","2022-09-14","2028-02-12","verified","已官方核验/国家政务服务平台NMPA器械查询","注射用修饰透明质酸钠凝胶YVOIRE volume s","俪维美学有限公司 LYV Sciences Co., Ltd","该产品适用于面部真皮组织深层至皮下组织层注射，以纠正重度鼻唇沟皱纹。","是","https://mp.weixin.qq.com/s/0NiHLEMxBuJgpZmpo6anKw","","no"
"already_in_global","yes","已在全球库 registration_evidence 中，无需重复导入","国械注进20223130127","透明质酸钠","透明质酸钠","注射用交联透明质酸钠凝胶","注射用交联透明质酸钠凝胶","东邦医疗 Dong Bang Medical Co., Ltd.","进口","2022-03-02","2027-03-01","verified","已官方核验/国家政务服务平台NMPA器械查询","注射用交联透明质酸钠凝胶조직수복용생체재료","株式会社东方医疗 Dong Bang Medical Co.,Ltd.","该产品适用于面部真皮组织中层至深层注射以纠正中重度鼻唇部皱纹。","是","https://mp.weixin.qq.com/s/0NiHLEMxBuJgpZmpo6anKw","","no"
"not_found_hold","no","暂不入库：registration 项目也标记官方未查到/需复核","国械注进20223130141","透明质酸钠","透明质酸钠","含利多卡因注射用交联透明质酸钠凝胶 Juvéderm VOLUMA with Lidocaine","含利多卡因注射用交联透明质酸钠凝胶 Juvéderm VOLUMA with Lidocaine","艾尔建 / AbbVie","进口","2022-03-10","2027-03-09","not_found","官方未查到/需复核","","","","是","https://mp.weixin.qq.com/s/0NiHLEMxBuJgpZmpo6anKw","Allergan / Kybella / Belkyra / Deoxycholic Acid (脱氧胆酸) / Deoxycholic Acid (脱氧胆酸) || Allergan / CoolTone / Magnetic Muscle Stimulation / Magnetic Muscle Stimulation || Allergan / DiamondGlow / Dermal Infusion System / Dermal Infusion System","yes"
"already_in_global","yes","已在全球库 registration_evidence 中，无需重复导入","国械注进20223130181","透明质酸钠","透明质酸钠","注射用修饰透明质酸钠凝胶 Dermax Deep","注射用修饰透明质酸钠凝胶 Dermax Deep","北京爱思特医疗美容有限公司 / ACROSS CO., LTD.","进口","2022-04-12","2027-04-11","verified","已官方核验/国家政务服务平台NMPA器械查询","注射用修饰透明质酸钠凝胶Dermalax Deep","亚可罗思有限责任公司ACROSS CO., LTD.","适用于面部真皮组织中层注射纠正中重度鼻唇沟皱纹。","是","https://mp.weixin.qq.com/s/0NiHLEMxBuJgpZmpo6anKw","","no"
"missing_verified_no_entity_hint","no","有官方核验证号，但全球库未明显命中实体；多半是中国本土/细分证号，需判断是否进入全球产品线","国械注准20143132037","透明质酸钠","透明质酸钠","注射用修饰透明质酸钠凝胶","注射用修饰透明质酸钠凝胶","华熙生物科技股份有限公司","国产","2023-08-23","2029-09-01","verified","已官方核验/国家政务服务平台NMPA器械查询","注射用修饰透明质酸钠凝胶","华熙生物科技股份有限公司","该产品适用于面部真皮组织中层至深层注射以纠正中重度鼻唇部皱纹。","是","https://mp.weixin.qq.com/s/0NiHLEMxBuJgpZmpo6anKw","","no"
"missing_verified_no_entity_hint","no","有官方核验证号，但全球库未明显命中实体；多半是中国本土/细分证号，需判断是否进入全球产品线","国械注准20153130014","透明质酸钠","透明质酸钠","注射用交联透明质酸钠凝胶","注射用交联透明质酸钠凝胶","北京蒙博润生物科技有限公司","国产","2023-12-21","2029-06-23","verified","已官方核验/国家政务服务平台NMPA器械查询","注射用交联透明质酸钠凝胶","北京蒙博润生物科技有限公司","该产品用于面部真皮组织中层至深层注射以纠正中重度鼻唇沟皱纹。","是","https://mp.weixin.qq.com/s/0NiHLEMxBuJgpZmpo6anKw","","no"
"missing_verified_no_entity_hint","no","有官方核验证号，但全球库未明显命中实体；多半是中国本土/细分证号，需判断是否进入全球产品线","国械注准20193130257","透明质酸钠","透明质酸钠","注射用修饰透明质酸钠凝胶","注射用修饰透明质酸钠凝胶","华熙生物科技股份有限公司","国产","2023-09-01","2029-04-27","verified","已官方核验/国家政务服务平台NMPA器械查询","注射用修饰透明质酸钠凝胶","华熙生物科技股份有限公司","该产品用于面部真皮组织中层至深层注射以纠正中重度鼻唇部皱纹。","是","https://mp.weixin.qq.com/s/0NiHLEMxBuJgpZmpo6anKw","","no"
"missing_verified_no_entity_hint","no","有官方核验证号，但全球库未明显命中实体；多半是中国本土/细分证号，需判断是否进入全球产品线","国械注准20233131478","透明质酸钠","透明质酸钠","注射用交联透明质酸钠凝胶","注射用交联透明质酸钠凝胶","华熙生物科技股份有限公司","国产","2023-10-12","2028-10-11","verified","已官方核验/国家政务服务平台NMPA器械查询","注射用交联透明质酸钠凝胶","华熙生物科技股份有限公司","该产品通过注射于唇红缘及唇红体的皮下（或粘膜下）至口轮匝肌层，以增加唇部组织容积。","是","https://mp.weixin.qq.com/s/0NiHLEMxBuJgpZmpo6anKw","","no"
"missing_verified_no_entity_hint","no","有官方核验证号，但全球库未明显命中实体；多半是中国本土/细分证号，需判断是否进入全球产品线","国械注准20233131516","透明质酸钠","透明质酸钠","注射用交联透明质酸钠凝胶","注射用交联透明质酸钠凝胶","陕西佰傲再生医学有限公司","国产","2023-10-23","2028-10-22","verified","已官方核验/国家政务服务平台NMPA器械查询","注射用交联透明质酸钠凝胶","陕西佰傲再生医学有限公司","该产品适用于面部真皮组织中层至深层注射填充以纠正中重度鼻唇部皱纹。","是","https://mp.weixin.qq.com/s/0NiHLEMxBuJgpZmpo6anKw","","no"
"missing_verified_existing_entity_hint","no","有官方核验证号，且全球库可能已有相关公司/品牌；建议优先逐条匹配后补 CN-NMPA 证据","国械注许20183130062","透明质酸钠","透明质酸钠","注射用修饰透明质酸钠凝胶","注射用修饰透明质酸钠凝胶","科妍生物科技股份有限公司","港澳台","2023-01-17","2028-02-12","verified","已官方核验/国家政务服务平台NMPA器械查询","注射用修饰透明质酸钠凝胶Modified Sodium Hyaluronate Gel for Injection","科妍生物科技股份有限公司","该产品适用于面部真皮组织中层至深层注射以纠正中度或深度鼻唇沟。","是","https://mp.weixin.qq.com/s/0NiHLEMxBuJgpZmpo6anKw","CGBIO / Cell Growth Bio / CGBIO HA Filler / CGBIO NMPA HA filler (mid-to-deep dermis) / CGBIO NMPA HA filler (mid-to-deep dermis) || CGBIO / Cell Growth Bio / CGBIO HA Filler / CGBIO NMPA HA filler (deep dermis/subcutaneous) / CGBIO NMPA HA filler (deep dermis/subcutaneous)","no"
"already_in_global","yes","已在全球库 registration_evidence 中，无需重复导入","国械注进20153131709","透明质酸钠","透明质酸钠","注射用交联透明质酸钠凝胶 Juvéderm ULTRA","注射用交联透明质酸钠凝胶 Juvéderm ULTRA","艾尔建 / AbbVie","进口","2023-12-28","2030-03-03","verified","已官方核验/国家政务服务平台NMPA器械查询","注射用交联透明质酸钠凝胶Juvéderm ULTRA","艾尔建Allergan","该产品适用于面部真皮组织中层至深层注射，以纠正中度鼻唇沟皱纹。","是","https://mp.weixin.qq.com/s/0NiHLEMxBuJgpZmpo6anKw","","no"
"already_in_global","yes","已在全球库 registration_evidence 中，无需重复导入","国械注进20173136998","透明质酸钠","透明质酸钠","注射用修饰透明质酸钠凝胶","注射用修饰透明质酸钠凝胶","科医有限公司 Q-Med AB","进口","2023-03-23","2028-03-22","verified","已官方核验/国家政务服务平台NMPA器械查询","注射用修饰透明质酸钠凝胶Modified Sodium Hyaluronate Gel for Injection","科医有限公司Q-Med AB","该产品适用于面部真皮组织中层填充以纠正中重度鼻唇沟皱纹。","是","https://mp.weixin.qq.com/s/0NiHLEMxBuJgpZmpo6anKw","","no"
"already_in_global","yes","已在全球库 registration_evidence 中，无需重复导入","国械注进20183130227","透明质酸钠","透明质酸钠","注射用修饰透明质酸钠凝胶 Modified Sodium Hyaluronate Gel for Injection","注射用修饰透明质酸钠凝胶 Modified Sodium Hyaluronate Gel for Injection","科医有限公司 Q-Med AB","进口","2023-04-12","2028-06-24","verified","已官方核验/国家政务服务平台NMPA器械查询","注射用修饰透明质酸钠凝胶Modified Sodium Hyaluronate Gel for Injection","科医有限公司Q-Med AB","该产品适用于纠正中到重度鼻唇沟皱纹以及鼻背和/或鼻根塑形。纠正中到重度鼻唇沟皱纹时，应注射入面部真皮组织深层和/或皮下组织浅层。用于鼻背和/或鼻根塑形时，应注射入骨膜上层。","是","https://mp.weixin.qq.com/s/0NiHLEMxBuJgpZmpo6anKw","","no"
"already_in_global","yes","已在全球库 registration_evidence 中，无需重复导入","国械注进20193130095","透明质酸钠","透明质酸钠","注射用交联透明质酸钠凝胶","注射用交联透明质酸钠凝胶","细基生物株式会社 CG Bio Co., Ltd.","进口","2023-10-12","2029-03-12","verified","已官方核验/国家政务服务平台NMPA器械查询","注射用交联透明质酸钠凝胶Cross-linked sodium hyaluronate Gel for Injection","细基生物株式会社CG Bio Co., Ltd.","该产品用于面部真皮组织中层至深层注射以纠正中重度鼻唇沟皱纹。","是","https://mp.weixin.qq.com/s/0NiHLEMxBuJgpZmpo6anKw","","no"
"already_in_global","yes","已在全球库 registration_evidence 中，无需重复导入","国械注进20193130627","透明质酸钠","透明质酸钠","注射用修饰透明质酸钠凝胶 MONALISA Lidocaine Filler","注射用修饰透明质酸钠凝胶 MONALISA Lidocaine Filler","吉诺斯株式会社 Genoss Co., Ltd.","进口","2023-12-26","2029-12-11","verified","已官方核验/国家政务服务平台NMPA器械查询","注射用修饰透明质酸钠凝胶 MONALISA Lidocaine Filler","吉诺斯株式会社Genoss Co., Ltd.","该产品用于面部真皮组织中层及深层注射，以纠正中重度鼻唇沟皱纹。","是","https://mp.weixin.qq.com/s/0NiHLEMxBuJgpZmpo6anKw","","no"
"already_in_global","yes","已在全球库 registration_evidence 中，无需重复导入","国械注进20223130501","透明质酸钠","透明质酸钠","注射用交联透明质酸钠凝胶","注射用交联透明质酸钠凝胶","细基生物株式会社 CG Bio Co., Ltd.","进口","2023-01-31","2027-10-24","verified","已官方核验/国家政务服务平台NMPA器械查询","注射用交联透明质酸钠凝胶Cross-linked Sodium Hyaluronate Gel for Injection","细基生物株式会社CG Bio Co., Ltd.","该产品用于面部真皮组织深层至皮下组织层注射填充以纠正中重度鼻唇沟皱纹。","是","https://mp.weixin.qq.com/s/0NiHLEMxBuJgpZmpo6anKw","","no"
"already_in_global","yes","已在全球库 registration_evidence 中，无需重复导入","国械注进20233130009","透明质酸钠","透明质酸钠","注射用交联透明质酸钠凝胶 Belotero Volume Lidocaine","注射用交联透明质酸钠凝胶 Belotero Volume Lidocaine","安缇思股份公司 Anteis SA","进口","2023-03-27","2028-01-12","verified","已官方核验/国家政务服务平台NMPA器械查询","注射用交联透明质酸钠凝胶Belotero Volume Lidocaine","安缇思股份公司Anteis SA","该产品预期用于面部真皮组织深层或皮下注射以纠正重度鼻唇沟皱纹。利多卡因可减轻治疗过程中患者的疼痛。","是","https://mp.weixin.qq.com/s/0NiHLEMxBuJgpZmpo6anKw","","no"
"already_in_global","yes","已在全球库 registration_evidence 中，无需重复导入","国械注进20233130011","透明质酸钠","透明质酸钠","注射用交联透明质酸钠凝胶 Restylane Volume","注射用交联透明质酸钠凝胶 Restylane Volume","科医有限公司 Q-Med AB","进口","2023-01-13","2028-01-12","verified","已官方核验/国家政务服务平台NMPA器械查询","注射用交联透明质酸钠凝胶Restylane Volyme","科医有限公司Q-Med AB","本产品用于矫正中面部容量缺失和/或中面部轮廓缺陷，注射层次为皮下、骨膜上层。","是","https://mp.weixin.qq.com/s/0NiHLEMxBuJgpZmpo6anKw","","no"
"already_in_global","yes","已在全球库 registration_evidence 中，无需重复导入","国械注进20233130068","透明质酸钠","透明质酸钠","注射用交联透明质酸钠凝胶 MONALISA Lidocaine Filler","注射用交联透明质酸钠凝胶 MONALISA Lidocaine Filler","吉诺斯株式会社 GENOSS Co., Ltd.","进口","2023-03-07","2028-03-06","verified","已官方核验/国家政务服务平台NMPA器械查询","注射用交联透明质酸钠凝胶MONALISA Lidocaine Filler(조직수복용생체재료)","吉诺斯株式会社GENOSS Co., Ltd.","该产品用于面部真皮组织中层至深层注射以纠正中重度鼻唇沟皱纹。","是","https://mp.weixin.qq.com/s/0NiHLEMxBuJgpZmpo6anKw","","no"
"already_in_global","yes","已在全球库 registration_evidence 中，无需重复导入","国械注进20233130519","透明质酸钠","透明质酸钠","注射用交联透明质酸钠凝胶 Soft Tissue Implants Visco-elastic gel of hyaluronic acid - with lidocaine","注射用交联透明质酸钠凝胶 Soft Tissue Implants Visco-elastic gel of hyaluronic acid - with lidocaine","菲欧曼实验室公司 Laboratoires Fill-Med Manufacturing S.A.","进口","2023-11-16","2028-11-15","verified","已官方核验/国家政务服务平台NMPA器械查询","注射用交联透明质酸钠凝胶Soft Tissue Implants Visco-elastic gel of hyaluronic acid - with lidocaine","菲欧曼实验室公司Laboratoires Fill-Med Manufacturing S.A.","产品用于面颊部皮下到骨膜上注射，以矫正中面部容量缺失和/或中面部轮廓缺陷。","是","https://mp.weixin.qq.com/s/0NiHLEMxBuJgpZmpo6anKw","","no"
"missing_verified_no_entity_hint","no","有官方核验证号，但全球库未明显命中实体；多半是中国本土/细分证号，需判断是否进入全球产品线","国械注进20233130573","透明质酸钠","透明质酸钠","注射用修饰透明质酸钠凝胶","注射用修饰透明质酸钠凝胶","株式会社柳英制药 YooYoung","进口","2023-12-07","2028-12-06","verified","已官方核验/国家政务服务平台NMPA器械查询","注射用修饰透明质酸钠凝胶Modified Sodium Hyaluronate Gel for Injection with Lidocaine","株式会社柳英制药YooYoung Pharmaceutical Co., Ltd.","适用于面部真皮组织深层至皮下组织浅层注射，以纠正中重度鼻唇沟皱纹。","是","https://mp.weixin.qq.com/s/0NiHLEMxBuJgpZmpo6anKw","","no"
"missing_verified_no_entity_hint","no","有官方核验证号，但全球库未明显命中实体；多半是中国本土/细分证号，需判断是否进入全球产品线","国械注准20153130674","透明质酸钠","透明质酸钠","注射用修饰透明质酸钠凝胶","注射用修饰透明质酸钠凝胶","爱美客技术发展股份有限公司","国产","2024-02-06","2029-12-26","verified","已官方核验/国家政务服务平台NMPA器械查询","注射用修饰透明质酸钠凝胶","爱美客技术发展股份有限公司","该产品用于皮肤真皮中层至深层注射填充，以纠正中、重度鼻唇沟。","是","https://mp.weixin.qq.com/s/0NiHLEMxBuJgpZmpo6anKw","","no"
"missing_verified_no_entity_hint","no","有官方核验证号，但全球库未明显命中实体；多半是中国本土/细分证号，需判断是否进入全球产品线","国械注准20153131332","透明质酸钠","透明质酸钠","注射用交联透明质酸钠凝胶","注射用交联透明质酸钠凝胶","杭州协合医疗用品有限公司","国产","2024-11-13","2030-06-18","verified","已官方核验/国家政务服务平台NMPA器械查询","注射用交联透明质酸钠凝胶","杭州协合医疗用品有限公司","该产品适用于面部真皮组织中层至深层注射，以纠正中重度鼻唇沟皱纹。","是","https://mp.weixin.qq.com/s/0NiHLEMxBuJgpZmpo6anKw","","no"
"missing_verified_no_entity_hint","no","有官方核验证号，但全球库未明显命中实体；多半是中国本土/细分证号，需判断是否进入全球产品线","国械注准20203130096","透明质酸钠","透明质酸钠","注射用修饰透明质酸钠凝胶","注射用修饰透明质酸钠凝胶","杭州协合医疗用品有限公司","国产","2024-09-27","2030-01-22","verified","已官方核验/国家政务服务平台NMPA器械查询","注射用修饰透明质酸钠凝胶","杭州协合医疗用品有限公司","本产品用于面部真皮组织中层至深层注射，以纠正中重度鼻唇部皱纹。","是","https://mp.weixin.qq.com/s/0NiHLEMxBuJgpZmpo6anKw","","no"
"missing_verified_no_entity_hint","no","有官方核验证号，但全球库未明显命中实体；多半是中国本土/细分证号，需判断是否进入全球产品线","国械注准20203130295","透明质酸钠","透明质酸钠","注射用修饰透明质酸钠凝胶","注射用修饰透明质酸钠凝胶","华熙生物科技股份有限公司","国产","2024-08-05","2030-03-19","verified","已官方核验/国家政务服务平台NMPA器械查询","注射用修饰透明质酸钠凝胶","华熙生物科技股份有限公司","该产品用于面部真皮组织浅层到中层注射以纠正静态额部皱纹。","是","https://mp.weixin.qq.com/s/0NiHLEMxBuJgpZmpo6anKw","","no"
"missing_verified_no_entity_hint","no","有官方核验证号，但全球库未明显命中实体；多半是中国本土/细分证号，需判断是否进入全球产品线","国械注准20203130314","透明质酸钠","透明质酸钠","注射用交联透明质酸钠凝胶","注射用交联透明质酸钠凝胶","上海其胜生物制剂有限公司","国产","2024-12-05","2030-03-29","verified","已官方核验/国家政务服务平台NMPA器械查询","注射用交联透明质酸钠凝胶","上海其胜生物制剂有限公司","该产品用于注射到面部真皮组织的中层到深层部位，以纠正中重度鼻唇沟皱纹。","是","https://mp.weixin.qq.com/s/0NiHLEMxBuJgpZmpo6anKw","","no"
"missing_verified_no_entity_hint","no","有官方核验证号，但全球库未明显命中实体；多半是中国本土/细分证号，需判断是否进入全球产品线","国械注准20203130568","透明质酸钠","透明质酸钠","注射用交联透明质酸钠凝胶","注射用交联透明质酸钠凝胶","华熙生物科技股份有限公司","国产","2024-09-03","2030-06-18","verified","已官方核验/国家政务服务平台NMPA器械查询","注射用交联透明质酸钠凝胶","华熙生物科技股份有限公司","该产品用于面部真皮组织中层至深层注射以纠正中重度鼻唇部皱纹。","是","https://mp.weixin.qq.com/s/0NiHLEMxBuJgpZmpo6anKw","","no"
"missing_verified_no_entity_hint","no","有官方核验证号，但全球库未明显命中实体；多半是中国本土/细分证号，需判断是否进入全球产品线","国械注准20243130343","透明质酸钠","透明质酸钠","注射用修饰透明质酸钠凝胶","注射用修饰透明质酸钠凝胶","山东凯乐普生物工程有限公司","国产","2024-02-21","2029-02-20","verified","已官方核验/国家政务服务平台NMPA器械查询","注射用修饰透明质酸钠凝胶","山东凯乐普生物工程有限公司","该产品适用于面部真皮组织中层至深层注射以纠正中重度鼻唇沟皱褶。","是","https://mp.weixin.qq.com/s/0NiHLEMxBuJgpZmpo6anKw","","no"
"missing_verified_no_entity_hint","no","有官方核验证号，但全球库未明显命中实体；多半是中国本土/细分证号，需判断是否进入全球产品线","国械注准20243130863","透明质酸钠","透明质酸钠","注射用修饰透明质酸钠凝胶","注射用修饰透明质酸钠凝胶","上海建华精细生物制品有限公司","国产","2024-04-30","2029-04-29","verified","已官方核验/国家政务服务平台NMPA器械查询","注射用修饰透明质酸钠凝胶","上海建华精细生物制品有限公司","适用于面部真皮组织中层至深层注射以纠正中重度鼻唇沟皱纹。","是","https://mp.weixin.qq.com/s/0NiHLEMxBuJgpZmpo6anKw","","no"
"missing_verified_no_entity_hint","no","有官方核验证号，但全球库未明显命中实体；多半是中国本土/细分证号，需判断是否进入全球产品线","国械注准20243131239","透明质酸钠","透明质酸钠","注射用氨基酸交联透明质酸钠凝胶","注射用氨基酸交联透明质酸钠凝胶","上海其胜生物制剂有限公司","国产","2024-07-10","2029-07-09","verified","已官方核验/国家政务服务平台NMPA器械查询","注射用氨基酸交联透明质酸钠凝胶","上海其胜生物制剂有限公司","适用于真皮组织中层至深层及皮下组织注射，纠正中度至重度鼻唇沟皱纹。","是","https://mp.weixin.qq.com/s/0NiHLEMxBuJgpZmpo6anKw","","no"
"missing_verified_no_entity_hint","no","有官方核验证号，但全球库未明显命中实体；多半是中国本土/细分证号，需判断是否进入全球产品线","国械注准20243131359","透明质酸钠","透明质酸钠","注射用透明质酸钠复合溶液","注射用透明质酸钠复合溶液","华熙生物科技股份有限公司","国产","2024-07-30","2029-07-29","verified","已官方核验/国家政务服务平台NMPA器械查询","注射用透明质酸钠复合溶液","华熙生物科技股份有限公司","该产品用于皮内真皮层注射填充，以纠正成人颈部中重度横纹。","是","https://mp.weixin.qq.com/s/0NiHLEMxBuJgpZmpo6anKw","","no"
"missing_verified_no_entity_hint","no","有官方核验证号，但全球库未明显命中实体；多半是中国本土/细分证号，需判断是否进入全球产品线","国械注准20243131967","透明质酸钠","透明质酸钠","医用含聚乙烯醇凝胶微球的交联透明质酸钠凝胶","医用含聚乙烯醇凝胶微球的交联透明质酸钠凝胶","爱美客技术发展股份有限公司","国产","2024-09-30","2029-09-29","verified","已官方核验/国家政务服务平台NMPA器械查询","医用含聚乙烯醇凝胶微球的交联透明质酸钠凝胶","爱美客技术发展股份有限公司","本产品适用于成人骨膜上层注射填充以改善轻中度的颏部后缩。","是","https://mp.weixin.qq.com/s/0NiHLEMxBuJgpZmpo6anKw","","no"
"missing_verified_no_entity_hint","no","有官方核验证号，但全球库未明显命中实体；多半是中国本土/细分证号，需判断是否进入全球产品线","国械注准20243131969","透明质酸钠","透明质酸钠","注射用交联透明质酸钠凝胶","注射用交联透明质酸钠凝胶","海雅美生物技术（珠海）有限公司","国产","2024-09-30","2029-09-29","verified","已官方核验/国家政务服务平台NMPA器械查询","注射用交联透明质酸钠凝胶","海雅美生物技术（珠海）有限公司","适用于注射到骨膜上，填充下颌区域，以改善轻度至中度下颌后缩患者的下颌轮廓。","是","https://mp.weixin.qq.com/s/0NiHLEMxBuJgpZmpo6anKw","","no"
"already_in_global","yes","已在全球库 registration_evidence 中，无需重复导入","国械注进20153131708","透明质酸钠","透明质酸钠","注射用交联透明质酸钠凝胶 Juvéderm ULTRA Plus","注射用交联透明质酸钠凝胶 Juvéderm ULTRA Plus","艾尔建 / AbbVie","进口","2024-01-04","2030-03-02","verified","已官方核验/国家政务服务平台NMPA器械查询","注射用交联透明质酸钠凝胶Juvéderm ULTRA Plus","艾尔建Allergan","该产品适用于面部真皮组织中层至深层注射，以纠正重度鼻唇沟皱纹。","是","https://mp.weixin.qq.com/s/0NiHLEMxBuJgpZmpo6anKw","","no"
"already_in_global","yes","已在全球库 registration_evidence 中，无需重复导入","国械注进20153133933","透明质酸钠","透明质酸钠","注射用修饰透明质酸钠凝胶","注射用修饰透明质酸钠凝胶","LG化学 LG Chem, Ltd.","进口","2024-11-25","2030-11-01","verified","已官方核验/国家政务服务平台NMPA器械查询","注射用修饰透明质酸钠凝胶Modified Sodium Hyaluronate Gel for Injection with Lidocaine","俪维美学有限公司 LYV Sciences Co., Ltd","该产品适用于面部真皮组织深层和/或皮下组织注射，以纠正中重度鼻唇沟。","是","https://mp.weixin.qq.com/s/0NiHLEMxBuJgpZmpo6anKw","","no"
"already_in_global","yes","已在全球库 registration_evidence 中，无需重复导入","国械注进20193130410","透明质酸钠","透明质酸钠","注射用交联透明质酸钠凝胶 Juvéderm Voluma","注射用交联透明质酸钠凝胶 Juvéderm Voluma","艾尔建 / AbbVie","进口","2024-03-15","2029-08-18","verified","已官方核验/国家政务服务平台NMPA器械查询","注射用交联透明质酸钠凝胶Juvéderm Voluma","艾尔建Allergan","本产品适用于面颊部深层（皮下和/或骨膜上）注射，以重塑面部体积。","是","https://mp.weixin.qq.com/s/0NiHLEMxBuJgpZmpo6anKw","","no"
"already_in_global","yes","已在全球库 registration_evidence 中，无需重复导入","国械注进20193130526","透明质酸钠","透明质酸钠","注射用交联透明质酸钠凝胶","注射用交联透明质酸钠凝胶","菲欧曼实验室公司 Laboratoires Fill-Med","进口","2024-07-31","2029-10-31","verified","已官方核验/国家政务服务平台NMPA器械查询","注射用交联透明质酸钠凝胶Soft tissue implants visco-elastic gel of hyaluronic acid-with lidocaine","法国菲欧曼实验室 Laboratoires Fill-Med","该产品用于面部真皮组织中层至深层注射以纠正中重度鼻唇沟皱纹。","是","https://mp.weixin.qq.com/s/0NiHLEMxBuJgpZmpo6anKw","","no"
"missing_verified_no_entity_hint","no","有官方核验证号，但全球库未明显命中实体；多半是中国本土/细分证号，需判断是否进入全球产品线","国械注进20193130565","透明质酸钠","透明质酸钠","注射用交联透明质酸钠凝胶 Pre-filled Sodium Hyaluronate Syringe","注射用交联透明质酸钠凝胶 Pre-filled Sodium Hyaluronate Syringe","汇美迪斯株式会社 Humedix Co., Ltd.","进口","2024-03-18","2029-11-18","verified","已官方核验/国家政务服务平台NMPA器械查询","注射用交联透明质酸钠凝胶Pre-filled Sodium Hyaluronate Syringe","汇美迪斯株式会社Humedix Co., Ltd.","该产品用于面部真皮组织中层至深层注射，以纠正中重度鼻唇沟皱纹。","是","https://mp.weixin.qq.com/s/0NiHLEMxBuJgpZmpo6anKw","","no"
"already_in_global","yes","已在全球库 registration_evidence 中，无需重复导入","国械注进20193130625","透明质酸钠","透明质酸钠","注射用交联透明质酸钠凝胶 Crosslinked Sodium Hyaluronate Gel for Injection","注射用交联透明质酸钠凝胶 Crosslinked Sodium Hyaluronate Gel for Injection","科医有限公司 Q-Med AB","进口","2024-07-26","2029-12-11","verified","已官方核验/国家政务服务平台NMPA器械查询","注射用交联透明质酸钠凝胶Crosslinked Sodium Hyaluronate Gel for Injection","科医有限公司Q-Med AB","该产品适用于18岁以上手背部需要增加组织容量的人群，用于手背部真皮层，最佳为真皮深层的注射，以改善手部皮肤外观。","是","https://mp.weixin.qq.com/s/0NiHLEMxBuJgpZmpo6anKw","","no"
"already_in_global","yes","已在全球库 registration_evidence 中，无需重复导入","国械注进20203130045","透明质酸钠","透明质酸钠","注射用修饰透明质酸钠凝胶","注射用修饰透明质酸钠凝胶","科医有限公司 Q-Med AB","进口","2024-03-06","2030-01-22","verified","已官方核验/国家政务服务平台NMPA器械查询","注射用修饰透明质酸钠凝胶Modified Sodium Hyaluronate Gel for Injection","科医有限公司Q-Med AB","该产品适用于面部真皮组织中层填充以纠正中重度鼻唇沟皱纹。","是","https://mp.weixin.qq.com/s/0NiHLEMxBuJgpZmpo6anKw","","no"
"already_in_global","yes","已在全球库 registration_evidence 中，无需重复导入","国械注进20203130098","透明质酸钠","透明质酸钠","注射用修饰透明质酸钠凝胶 Modified Sodium Hyaluronate Gel for Injection","注射用修饰透明质酸钠凝胶 Modified Sodium Hyaluronate Gel for Injection","科医有限公司 Q-Med AB","进口","2024-03-26","2030-02-27","verified","已官方核验/国家政务服务平台NMPA器械查询","注射用修饰透明质酸钠凝胶Modified Sodium Hyaluronate Gel for Injection","科医有限公司Q-Med AB","本品适用于注射到真皮组织深层和/或皮下组织浅层以纠正中重度鼻唇沟皱纹；注射到皮下至骨膜上层用于矫正中面部容量缺失和/或中面部轮廓缺陷；注射入骨膜上层用于鼻背和/或鼻根塑形。该产品适用于18岁以上的患者。","是","https://mp.weixin.qq.com/s/0NiHLEMxBuJgpZmpo6anKw","","no"
"already_in_global","yes","已在全球库 registration_evidence 中，无需重复导入","国械注进20203130165","透明质酸钠","透明质酸钠","注射用交联透明质酸钠凝胶 Juvéderm VOLIFT with Lidocaine","注射用交联透明质酸钠凝胶 Juvéderm VOLIFT with Lidocaine","艾尔建 / AbbVie","进口","2024-11-15","2030-04-09","verified","已官方核验/国家政务服务平台NMPA器械查询","注射用交联透明质酸钠凝胶Juvéderm VOLIFT with Lidocaine","艾尔建Allergan","该产品用于面部真皮深层注射，以纠正中重度鼻唇沟皱纹。","是","https://mp.weixin.qq.com/s/0NiHLEMxBuJgpZmpo6anKw","","no"
"already_in_global","yes","已在全球库 registration_evidence 中，无需重复导入","国械注进20233130150","透明质酸钠","透明质酸钠","注射用交联透明质酸钠凝胶 A-Viearchee","注射用交联透明质酸钠凝胶 A-Viearchee","（株）爱思尔有限公司 SCL CO., LTD.","进口","2024-04-29","2028-04-18","verified","已官方核验/国家政务服务平台NMPA器械查询","注射用交联透明质酸钠凝胶A-Viearchee","（株）爱思尔有限公司SCL CO.,LTD.","该产品用于面部真皮组织中层注射以纠正中重度鼻唇沟皱纹。","是","https://mp.weixin.qq.com/s/0NiHLEMxBuJgpZmpo6anKw","","no"
"already_in_global","yes","已在全球库 registration_evidence 中，无需重复导入","国械注进20243130001","透明质酸钠","透明质酸钠","注射用交联透明质酸钠凝胶","注射用交联透明质酸钠凝胶","Foreest Hills Lab Korea","进口","2024-01-04","2029-01-03","verified","已官方核验/国家政务服务平台NMPA器械查询","注射用交联透明质酸钠凝胶조직수복용생체재료","福丽丝特韩国有限公司 Forest Hills Lab Korea Co., Ltd.","该产品用于面部真皮组织中层至深层注射，以纠正中重度鼻唇沟皱纹。","是","https://mp.weixin.qq.com/s/0NiHLEMxBuJgpZmpo6anKw","","no"
"already_in_global","yes","已在全球库 registration_evidence 中，无需重复导入","国械注进20243130119","透明质酸钠","透明质酸钠","含利多卡因注射用交联透明质酸钠凝胶 Princess VOLUME Lidocaine","含利多卡因注射用交联透明质酸钠凝胶 Princess VOLUME Lidocaine","克罗玛医药有限公司 CROMA-PHARMA GmbH","进口","2024-05-16","2030-03-03","verified","已官方核验/国家政务服务平台NMPA器械查询","含利多卡因注射用修饰透明质酸钠凝胶Princess VOLUME Lidocaine","克罗玛医药有限公司CROMA-PHARMA GmbH","适用于面部真皮组织中层至深层注射，以纠正中到重度鼻唇沟。","是","https://mp.weixin.qq.com/s/0NiHLEMxBuJgpZmpo6anKw","","no"
"already_in_global","yes","已在全球库 registration_evidence 中，无需重复导入","国械注进20243130405","透明质酸钠","透明质酸钠","含利多卡因注射用交联透明质酸钠凝胶 Juvéderm VOLUX","含利多卡因注射用交联透明质酸钠凝胶 Juvéderm VOLUX","艾尔建 / AbbVie","进口","2024-07-24","2029-07-23","verified","已官方核验/国家政务服务平台NMPA器械查询","含利多卡因注射用交联透明质酸钠凝胶Juvéderm VOLUX","艾尔建ALLERGAN","该产品用于面部骨膜上注射，以改善中度下颌后缩患者的下颌轮廓。","是","https://mp.weixin.qq.com/s/0NiHLEMxBuJgpZmpo6anKw","","no"
"already_in_global","yes","已在全球库 registration_evidence 中，无需重复导入","国械注进20243130412","透明质酸钠","透明质酸钠","含利多卡因注射用交联透明质酸钠凝胶 Juvéderm ULTRA PLUS XC","含利多卡因注射用交联透明质酸钠凝胶 Juvéderm ULTRA PLUS XC","艾尔建 / AbbVie","进口","2024-07-30","2029-07-29","verified","已官方核验/国家政务服务平台NMPA器械查询","含利多卡因注射用交联透明质酸钠凝胶Juvéderm ULTRA PLUS XC","艾尔建ALLERGAN","该产品用于注射到面部真皮组织的中层至深层部位，以纠正重度鼻唇沟皱纹。利多卡因存在的目的是为减少治疗过程中患者的疼痛。","是","https://mp.weixin.qq.com/s/0NiHLEMxBuJgpZmpo6anKw","","no"
"already_in_global","yes","已在全球库 registration_evidence 中，无需重复导入","国械注进20243130436","透明质酸钠","透明质酸钠","含利多卡因注射用交联透明质酸钠凝胶 Juvéderm ULTRA XC","含利多卡因注射用交联透明质酸钠凝胶 Juvéderm ULTRA XC","艾尔建 / AbbVie","进口","2024-08-14","2029-08-13","verified","已官方核验/国家政务服务平台NMPA器械查询","含利多卡因注射用交联透明质酸钠凝胶Juvéderm ULTRA XC","艾尔建ALLERGAN","产品用于注射到面部真皮组织的中层至深层部位，以纠正中度鼻唇沟皱纹。利多卡因存在的目的是为减少治疗过程中患者的疼痛。","是","https://mp.weixin.qq.com/s/0NiHLEMxBuJgpZmpo6anKw","","no"
"already_in_global","yes","已在全球库 registration_evidence 中，无需重复导入","国械注进20243130501","透明质酸钠","透明质酸钠","注射用交联透明质酸钠凝胶 HyaFilia Classic 1.0","注射用交联透明质酸钠凝胶 HyaFilia Classic 1.0","CHA生物科技株式会社 CHA Meditech Co., Ltd.","进口","2024-09-19","2029-09-18","verified","已官方核验/国家政务服务平台NMPA器械查询","注射用交联透明质酸钠凝胶HyaFilia Classic 1.0","CHA生物科技株式会社CHA Meditech Co., Ltd","适用于面部真皮组织中层至深层注射，以纠正中重度鼻唇沟皱纹。","是","https://mp.weixin.qq.com/s/0NiHLEMxBuJgpZmpo6anKw","","no"
"already_in_global","yes","已在全球库 registration_evidence 中，无需重复导入","国械注进20243130663","透明质酸钠","透明质酸钠","注射用交联透明质酸钠凝胶 Dermal Implants SF line","注射用交联透明质酸钠凝胶 Dermal Implants SF line","S&V Technologies GmbH","进口","2024-12-16","2029-12-15","verified","已官方核验/国家政务服务平台NMPA器械查询","注射用交联透明质酸钠凝胶Dermal Implants „SF“ line","S&amp;V科技有限公司S＆V Technologies GmbH","适用于面部鼻唇沟部位真皮组织中层至深层注射以纠正中重度鼻唇沟皱纹。","是","https://mp.weixin.qq.com/s/0NiHLEMxBuJgpZmpo6anKw","","no"
"missing_verified_no_entity_hint","no","有官方核验证号，但全球库未明显命中实体；多半是中国本土/细分证号，需判断是否进入全球产品线","国械注准20163131492","透明质酸钠","透明质酸钠","注射用修饰透明质酸钠凝胶","注射用修饰透明质酸钠凝胶","上海其胜生物制剂有限公司","国产","2025-06-24","2030-11-15","verified","已官方核验/国家政务服务平台NMPA器械查询","注射用修饰透明质酸钠凝胶","上海其胜生物制剂有限公司","1.该产品适用于面部真皮组织中层至深层注射以纠正中重度鼻唇沟皱纹。2.用于唇红体和唇红缘的皮下（或粘膜下）注射填充唇部以达到增加唇部组织容积的目的","是","https://mp.weixin.qq.com/s/0NiHLEMxBuJgpZmpo6anKw","","no"
"missing_verified_no_entity_hint","no","有官方核验证号，但全球库未明显命中实体；多半是中国本土/细分证号，需判断是否进入全球产品线","国械注准20203130569","透明质酸钠","透明质酸钠","注射用交联透明质酸钠凝胶","注射用交联透明质酸钠凝胶","华熙生物科技股份有限公司","国产","2025-01-24","2030-06-18","verified","已官方核验/国家政务服务平台NMPA器械查询","注射用交联透明质酸钠凝胶","华熙生物科技股份有限公司","本产品用于面部真皮组织中层至深层注射以纠正中重度鼻唇部皱纹。","是","https://mp.weixin.qq.com/s/0NiHLEMxBuJgpZmpo6anKw","","no"
"missing_verified_no_entity_hint","no","有官方核验证号，但全球库未明显命中实体；多半是中国本土/细分证号，需判断是否进入全球产品线","国械注准20203130700","透明质酸钠","透明质酸钠","注射用透明质酸钠凝胶","注射用透明质酸钠凝胶","瑞莱思（北京）医疗器械有限公司","国产","2025-01-26","2030-08-11","verified","已官方核验/国家政务服务平台NMPA器械查询","注射用交联透明质酸钠凝胶","瑞莱思（北京）医疗器械有限公司","本产品用于面部真皮组织中层至深层注射填充，以纠正中重度鼻唇沟皱纹。","是","https://mp.weixin.qq.com/s/0NiHLEMxBuJgpZmpo6anKw","","no"
"missing_verified_no_entity_hint","no","有官方核验证号，但全球库未明显命中实体；多半是中国本土/细分证号，需判断是否进入全球产品线","国械注准20253130745","透明质酸钠","透明质酸钠","注射用交联透明质酸钠凝胶","注射用交联透明质酸钠凝胶","江苏天莱雅生物科技有限公司","国产","2025-04-09","2030-04-08","verified","已官方核验/国家政务服务平台NMPA器械查询","注射用交联透明质酸钠凝胶","江苏天莱雅生物科技有限公司","该产品用于鼻唇沟部位真皮组织中层至深层注射，以纠正中重度鼻唇沟皱纹。","是","https://mp.weixin.qq.com/s/0NiHLEMxBuJgpZmpo6anKw","","no"
"missing_verified_no_entity_hint","no","有官方核验证号，但全球库未明显命中实体；多半是中国本土/细分证号，需判断是否进入全球产品线","国械注准20253130824","透明质酸钠","透明质酸钠","含利多卡因注射用透明质酸钠溶液","含利多卡因注射用透明质酸钠溶液","华熙生物科技股份有限公司","国产","2025-04-23","2030-04-22","verified","已官方核验/国家政务服务平台NMPA器械查询","含利多卡因注射用透明质酸钠溶液","华熙生物科技股份有限公司","在医疗机构中使用，用于面部真皮浅层注射暂时性改善成人皮肤干燥、肤色暗沉。","是","https://mp.weixin.qq.com/s/0NiHLEMxBuJgpZmpo6anKw","","no"
"missing_verified_no_entity_hint","no","有官方核验证号，但全球库未明显命中实体；多半是中国本土/细分证号，需判断是否进入全球产品线","国械注准20253130825","透明质酸钠","透明质酸钠","注射用交联透明质酸钠凝胶","注射用交联透明质酸钠凝胶","天津键凯科技有限公司","国产","2025-04-23","2030-04-22","verified","已官方核验/国家政务服务平台NMPA器械查询","注射用交联透明质酸钠凝胶","天津键凯科技有限公司","该产品适用于面部鼻唇沟部位真皮组织中层至深层注射以纠正中重度鼻唇沟皱纹。","是","https://mp.weixin.qq.com/s/0NiHLEMxBuJgpZmpo6anKw","","no"
"missing_verified_no_entity_hint","no","有官方核验证号，但全球库未明显命中实体；多半是中国本土/细分证号，需判断是否进入全球产品线","国械注准20253130894","透明质酸钠","透明质酸钠","注射用透明质酸钠复合溶液","注射用透明质酸钠复合溶液","华熙生物科技股份有限公司","国产","2025-04-30","2030-04-29","verified","已官方核验/国家政务服务平台NMPA器械查询","注射用透明质酸钠复合溶液","华熙生物科技股份有限公司","在医疗机构中使用，用于面部真皮浅层注射，暂时性改善成人皮肤干燥、肤色暗沉。","是","https://mp.weixin.qq.com/s/0NiHLEMxBuJgpZmpo6anKw","","no"
"missing_verified_no_entity_hint","no","有官方核验证号，但全球库未明显命中实体；多半是中国本土/细分证号，需判断是否进入全球产品线","国械注准20253130898","透明质酸钠","透明质酸钠","注射用透明质酸钠溶液","注射用透明质酸钠溶液","海雅美生物技术（珠海）有限公司","国产","2025-04-30","2030-04-29","verified","已官方核验/国家政务服务平台NMPA器械查询","注射用透明质酸钠溶液","海雅美生物技术（珠海）有限公司","在医疗机构中使用，用于面部真皮浅层注射，暂时性改善成人皮肤干燥、肤色暗沉。","是","https://mp.weixin.qq.com/s/0NiHLEMxBuJgpZmpo6anKw","","no"
"missing_verified_no_entity_hint","no","有官方核验证号，但全球库未明显命中实体；多半是中国本土/细分证号，需判断是否进入全球产品线","国械注准20253131239","透明质酸钠","透明质酸钠","注射用透明质酸钠溶液","注射用透明质酸钠溶液","海雅美生物技术（珠海）有限公司","国产","2025-11-27","2030-06-22","verified","已官方核验/国家政务服务平台NMPA器械查询","注射用透明质酸钠溶液","海雅美生物技术（珠海）有限公司","该产品用于颈部皮肤皮内真皮层注射填充，纠正颈部中重度横纹。","是","https://mp.weixin.qq.com/s/0NiHLEMxBuJgpZmpo6anKw","","no"
"missing_verified_no_entity_hint","no","有官方核验证号，但全球库未明显命中实体；多半是中国本土/细分证号，需判断是否进入全球产品线","国械注准20253131324","透明质酸钠","透明质酸钠","注射用透明质酸钠溶液","注射用透明质酸钠溶液","四川兴泰普乐医疗科技有限公司","国产","2025-07-10","2030-07-09","verified","已官方核验/国家政务服务平台NMPA器械查询","注射用透明质酸钠溶液","四川兴泰普乐医疗科技有限公司","在医疗机构中使用，用于面部真皮浅层注射，暂时性改善成人皮肤干燥、肤色暗沉。","是","https://mp.weixin.qq.com/s/0NiHLEMxBuJgpZmpo6anKw","","no"
"missing_verified_no_entity_hint","no","有官方核验证号，但全球库未明显命中实体；多半是中国本土/细分证号，需判断是否进入全球产品线","国械注准20253131475","透明质酸钠","透明质酸钠","含利多卡因注射用透明质酸钠溶液","含利多卡因注射用透明质酸钠溶液","济南格莱威医疗科技有限公司","国产","2025-07-31","2030-07-30","verified","已官方核验/国家政务服务平台NMPA器械查询","含利多卡因注射用透明质酸钠溶液","济南格莱威医疗科技有限公司","在医疗机构中使用，用于面部真皮浅层注射，暂时性改善成人皮肤干燥、肤色暗沉。","是","https://mp.weixin.qq.com/s/0NiHLEMxBuJgpZmpo6anKw","","no"
"missing_verified_no_entity_hint","no","有官方核验证号，但全球库未明显命中实体；多半是中国本土/细分证号，需判断是否进入全球产品线","国械注准20253131610","透明质酸钠","透明质酸钠","含利多卡因注射用交联透明质酸钠凝胶","含利多卡因注射用交联透明质酸钠凝胶","常州药物研究所有限公司","国产","2025-08-22","2030-08-21","verified","已官方核验/国家政务服务平台NMPA器械查询","含利多卡因注射用交联透明质酸钠凝胶","常州药物研究所有限公司","该产品适用于真皮组织中层至深层注射以纠正颈部中重度横纹。","是","https://mp.weixin.qq.com/s/0NiHLEMxBuJgpZmpo6anKw","","no"
"missing_verified_no_entity_hint","no","有官方核验证号，但全球库未明显命中实体；多半是中国本土/细分证号，需判断是否进入全球产品线","国械注准20253131642","透明质酸钠","透明质酸钠","注射用交联透明质酸钠凝胶","注射用交联透明质酸钠凝胶","四川兴泰普乐医疗科技有限公司","国产","2025-11-27","2030-08-21","verified","已官方核验/国家政务服务平台NMPA器械查询","注射用交联透明质酸钠凝胶","四川兴泰普乐医疗科技有限公司","该产品适用于面部鼻唇沟部位真皮组织中层至深层注射以纠正中重度鼻唇沟皱纹。","是","https://mp.weixin.qq.com/s/0NiHLEMxBuJgpZmpo6anKw","","no"
"missing_verified_no_entity_hint","no","有官方核验证号，但全球库未明显命中实体；多半是中国本土/细分证号，需判断是否进入全球产品线","国械注准20253131774","透明质酸钠","透明质酸钠","注射用透明质酸钠溶液","注射用透明质酸钠溶液","大连富勒烯药业有限公司","国产","2025-09-01","2030-08-31","verified","已官方核验/国家政务服务平台NMPA器械查询","注射用透明质酸钠溶液","大连富勒烯药业有限公司","在医疗机构中使用，用于面部真皮浅层注射暂时性改善成人皮肤干燥、肤色暗沉。","是","https://mp.weixin.qq.com/s/0NiHLEMxBuJgpZmpo6anKw","","no"
"missing_verified_no_entity_hint","no","有官方核验证号，但全球库未明显命中实体；多半是中国本土/细分证号，需判断是否进入全球产品线","国械注准20253132016","透明质酸钠","透明质酸钠","注射用透明质酸钠复合溶液","注射用透明质酸钠复合溶液","漠颐空间生物科技（吉林）有限公司","国产","2025-09-29","2030-09-28","verified","已官方核验/国家政务服务平台NMPA器械查询","注射用透明质酸钠复合溶液","渼颜空间生物科技（吉林）有限公司","在医疗机构中使用，用于面部真皮浅层注射，暂时性改善成人皮肤干燥、肤色暗沉。","是","https://mp.weixin.qq.com/s/0NiHLEMxBuJgpZmpo6anKw","","no"
"missing_verified_no_entity_hint","no","有官方核验证号，但全球库未明显命中实体；多半是中国本土/细分证号，需判断是否进入全球产品线","国械注准20253132504","透明质酸钠","透明质酸钠","注射用透明质酸钠复合溶液","注射用透明质酸钠复合溶液","江苏西宏生物医药有限公司","国产","2025-12-10","2030-12-09","verified","已官方核验/国家政务服务平台NMPA器械查询","注射用透明质酸钠复合溶液","江苏西宏生物医药有限公司","在医疗机构中使用，用于面部真皮浅层注射，暂时性改善成人皮肤干燥、肤色暗沉。","是","https://mp.weixin.qq.com/s/0NiHLEMxBuJgpZmpo6anKw","","no"
"missing_verified_no_entity_hint","no","有官方核验证号，但全球库未明显命中实体；多半是中国本土/细分证号，需判断是否进入全球产品线","国械注准20253132647","透明质酸钠","透明质酸钠","含盐酸利多卡因交联透明质酸钠注射填充剂","含盐酸利多卡因交联透明质酸钠注射填充剂","上海其胜生物制剂有限公司","国产","2025-12-23","2030-12-22","verified","已官方核验/国家政务服务平台NMPA器械查询","含盐酸利多卡因交联透明质酸钠注射填充剂","上海其胜生物制剂有限公司","该产品适用于面部鼻唇沟部位真皮组织中层至深层注射以纠正中重度鼻唇沟皱纹。","是","https://mp.weixin.qq.com/s/0NiHLEMxBuJgpZmpo6anKw","","no"
"missing_verified_no_entity_hint","no","有官方核验证号，但全球库未明显命中实体；多半是中国本土/细分证号，需判断是否进入全球产品线","国械注许20253130002","透明质酸钠","透明质酸钠","注射用交联透明质酸钠凝胶","注射用交联透明质酸钠凝胶","和康生物科技股份有限公司","港澳台","2025-04-23","2030-01-19","verified","已官方核验/国家政务服务平台NMPA器械查询","注射用交联透明质酸钠凝胶 Formaderm Young Dermal Filler Injection","和康生物科技股份有限公司 和康生物科技股份有限公司","该产品用于鼻唇沟部真皮组织中至深层注射，以纠正中重度鼻唇沟皱纹。","是","https://mp.weixin.qq.com/s/0NiHLEMxBuJgpZmpo6anKw","","no"
"missing_verified_no_entity_hint","no","有官方核验证号，但全球库未明显命中实体；多半是中国本土/细分证号，需判断是否进入全球产品线","国械注进20153130263","透明质酸钠","透明质酸钠","注射用交联透明质酸钠凝胶 Pre-filled Sodium Hyaluronate Syringe","注射用交联透明质酸钠凝胶 Pre-filled Sodium Hyaluronate Syringe","汇美迪斯株式会社 Humedix Co., Ltd.","进口","2025-04-10","2030-04-09","verified","已官方核验/国家政务服务平台NMPA器械查询","注射用交联透明质酸钠凝胶Pre-filled Sodium Hyaluronate Syringe","汇美迪斯株式会社Humedix Co., Ltd.","该产品用于面部真皮组织中层至深层注射，以纠正中重度鼻唇沟皱纹。","是","https://mp.weixin.qq.com/s/0NiHLEMxBuJgpZmpo6anKw","","no"
"already_in_global","yes","已在全球库 registration_evidence 中，无需重复导入","国械注进20253130026","透明质酸钠","透明质酸钠","含利多卡因注射用交联透明质酸钠凝胶","含利多卡因注射用交联透明质酸钠凝胶","基兰实验室股份公司 Kylane Laboratoires SA","进口","2025-01-20","2030-01-19","verified","已官方核验/国家政务服务平台NMPA器械查询","含利多卡因注射用交联透明质酸钠凝胶Crosslinked Hyaluronan(HA) injectable gel with Lidocaine","基兰实验室股份公司Kylane Laboratoires SA","该产品适用于注射到骨膜上，填充下颌区域，以改善轻度至中度下颌后缩患者的下颌轮廓。","是","https://mp.weixin.qq.com/s/0NiHLEMxBuJgpZmpo6anKw","","no"
"already_in_global","yes","已在全球库 registration_evidence 中，无需重复导入","国械注进20253130189","透明质酸钠","透明质酸钠","注射用交联透明质酸钠凝胶","注射用交联透明质酸钠凝胶","东邦医疗 Dong Bang Medical Co., Ltd.","进口","2025-08-06","2030-04-22","verified","已官方核验/国家政务服务平台NMPA器械查询","注射用交联透明质酸钠凝胶조직수복용생체재료","株式会社东方医疗Dong Bang Medical Co.,Ltd.","该产品适用于面部鼻唇沟部位真皮组织中层至深层注射，以纠正中重度鼻唇沟皱纹。","是","https://mp.weixin.qq.com/s/0NiHLEMxBuJgpZmpo6anKw","","no"
"already_in_global","yes","已在全球库 registration_evidence 中，无需重复导入","国械注进20253130192","透明质酸钠","透明质酸钠","注射用交联透明质酸钠凝胶","注射用交联透明质酸钠凝胶","捷特玛株式会社 JETEMA Co., Ltd.","进口","2025-04-23","2030-04-22","verified","已官方核验/国家政务服务平台NMPA器械查询","注射用交联透明质酸钠凝胶Cross-linked sodium hyaluronate Gel for Injection","捷特玛株式会社JETEMA Co., Ltd.","产品注射至鼻唇沟部位真皮中层，以纠正中重度鼻唇沟皱纹。","是","https://mp.weixin.qq.com/s/0NiHLEMxBuJgpZmpo6anKw","","no"
"already_in_global","yes","已在全球库 registration_evidence 中，无需重复导入","国械注进20253130216","透明质酸钠","透明质酸钠","注射用含利多卡因交联透明质酸钠凝胶 Cutegel Lidocaine","注射用含利多卡因交联透明质酸钠凝胶 Cutegel Lidocaine","韩国BNC株式会社","进口","2025-05-27","2030-05-26","verified","已官方核验/国家政务服务平台NMPA器械查询","注射用含利多卡因交联透明质酸钠凝胶Cutegel Lidocaine","韩国BNC株式会社韩国BNC株式会社","适用于鼻唇沟部位真皮组织中层注射以纠正中重度鼻唇沟皱纹。","是","https://mp.weixin.qq.com/s/0NiHLEMxBuJgpZmpo6anKw","","no"
"already_in_global","yes","已在全球库 registration_evidence 中，无需重复导入","国械注进20253130269","透明质酸钠","透明质酸钠","含利多卡因注射用交联透明质酸钠凝胶 Cross-linked Sodium Hyaluronate Gel for Injection with Lidocaine","含利多卡因注射用交联透明质酸钠凝胶 Cross-linked Sodium Hyaluronate Gel for Injection with Lidocaine","LG化学 LG Chem, Ltd.","进口","2025-06-23","2030-06-22","verified","已官方核验/国家政务服务平台NMPA器械查询","含利多卡因注射用交联透明质酸钠凝胶Cross-linked Sodium Hyaluronate Gel for Injection with Lidocaine","俪维美学有限公司 LYV Sciences Co., Ltd","适用于注射到皮下至骨膜上层用于矫正中面部容量缺失和/或中面部轮廓缺陷。","是","https://mp.weixin.qq.com/s/0NiHLEMxBuJgpZmpo6anKw","","no"
"already_in_global","yes","已在全球库 registration_evidence 中，无需重复导入","国械注进20253130284","透明质酸钠","透明质酸钠","注射用交联透明质酸钠凝胶 Crosslinked Sodium Hyaluronate Gel for Injection","注射用交联透明质酸钠凝胶 Crosslinked Sodium Hyaluronate Gel for Injection","科医有限公司 Q-Med AB","进口","2025-06-27","2030-06-26","verified","已官方核验/国家政务服务平台NMPA器械查询","注射用交联透明质酸钠凝胶Crosslinked Sodium Hyaluronate Gel for Injection","科医有限公司Q-Med AB","产品适用于18岁以上手背部需要增加组织容量的人群，用于手背部真皮层，最佳为真皮深层的注射，以改善手部皮肤外观。","是","https://mp.weixin.qq.com/s/0NiHLEMxBuJgpZmpo6anKw","","no"
"already_in_global","yes","已在全球库 registration_evidence 中，无需重复导入","国械注进20253130317","透明质酸钠","透明质酸钠","注射用交联透明质酸钠凝胶 Cutegel","注射用交联透明质酸钠凝胶 Cutegel","韩国BNC株式会社","进口","2025-07-18","2030-07-17","verified","已官方核验/国家政务服务平台NMPA器械查询","注射用交联透明质酸钠凝胶Cutegel","韩国BNC株式会社韩国BNC株式会社","适用于注射到鼻唇沟部位的真皮深层，以纠正中重度鼻唇沟皱纹。","是","https://mp.weixin.qq.com/s/0NiHLEMxBuJgpZmpo6anKw","","no"
"already_in_global","yes","已在全球库 registration_evidence 中，无需重复导入","国械注进20253130357","透明质酸钠","透明质酸钠","注射用交联透明质酸钠凝胶 Cutegel","注射用交联透明质酸钠凝胶 Cutegel","韩国BNC株式会社","进口","2025-08-22","2030-08-21","verified","已官方核验/国家政务服务平台NMPA器械查询","注射用交联透明质酸钠凝胶Cutegel","韩国BNC株式会社韩国BNC株式会社","本产品适用于注射到鼻唇沟部位的真皮中层，以纠正中重度鼻唇沟皱纹。","是","https://mp.weixin.qq.com/s/0NiHLEMxBuJgpZmpo6anKw","","no"
"already_in_global","yes","已在全球库 registration_evidence 中，无需重复导入","国械注进20253130358","透明质酸钠","透明质酸钠","注射用交联含药透明质酸钠凝胶 Cutegel Lidocaine","注射用交联含药透明质酸钠凝胶 Cutegel Lidocaine","韩国BNC株式会社","进口","2025-08-22","2030-08-21","verified","已官方核验/国家政务服务平台NMPA器械查询","注射用交联含药透明质酸钠凝胶Cutegel Lidocaine","韩国BNC株式会社韩国BNC株式会社","本产品适用于注射到鼻唇沟部位的真皮中层，以纠正中重度鼻唇沟皱纹。","是","https://mp.weixin.qq.com/s/0NiHLEMxBuJgpZmpo6anKw","","no"
"already_in_global","yes","已在全球库 registration_evidence 中，无需重复导入","国械注进20253130360","透明质酸钠","透明质酸钠","注射用交联透明质酸钠凝胶 Sodium Hyaluronate Gel for Injection","注射用交联透明质酸钠凝胶 Sodium Hyaluronate Gel for Injection","维瓦希 Laboratoires VIVACY","进口","2025-08-22","2030-08-21","verified","已官方核验/国家政务服务平台NMPA器械查询","注射用交联透明质酸钠凝胶Sodium Hyaluronate Gel for Injection","维瓦希Laboratoires VIVACY","适用于鼻唇沟部位真皮组织深层注射以纠正中重度鼻唇沟皱纹。","是","https://mp.weixin.qq.com/s/0NiHLEMxBuJgpZmpo6anKw","","no"
"already_in_global","yes","已在全球库 registration_evidence 中，无需重复导入","国械注进20253130421","透明质酸钠","透明质酸钠","含利多卡因注射用交联透明质酸钠凝胶 PRECISE-HA FILLER LIFT","含利多卡因注射用交联透明质酸钠凝胶 PRECISE-HA FILLER LIFT","希玛德股份有限公司 SYMATESE SAS","进口","2025-09-16","2030-09-15","verified","已官方核验/国家政务服务平台NMPA器械查询","含利多卡因注射用交联透明质酸钠凝胶PRECISE-HA Filler FORM","希玛德股份有限公司SYMATESE SAS","适用于面部鼻唇沟部位真皮组织中层至深层及皮下注射以纠正中重度鼻唇沟皱纹。","是","https://mp.weixin.qq.com/s/0NiHLEMxBuJgpZmpo6anKw","","no"
"already_in_global","yes","已在全球库 registration_evidence 中，无需重复导入","国械注进20253130577","透明质酸钠","透明质酸钠","含利多卡因注射用交联透明质酸钠凝胶 Hyabell Ultra","含利多卡因注射用交联透明质酸钠凝胶 Hyabell Ultra","艾多德姆股份有限公司 Adoderm GmbH","进口","2025-12-10","2030-12-09","verified","已官方核验/国家政务服务平台NMPA器械查询","含利多卡因注射用交联透明质酸钠凝胶Hyabell Ultra","艾多德姆股份有限公司Adoderm GmbH","该产品用于面部鼻唇沟部位真皮下注射，以纠正中重度鼻唇沟皱纹。","是","https://mp.weixin.qq.com/s/0NiHLEMxBuJgpZmpo6anKw","","no"
"missing_verified_no_entity_hint","no","有官方核验证号，但全球库未明显命中实体；多半是中国本土/细分证号，需判断是否进入全球产品线","国械注准20263130004","透明质酸钠","透明质酸钠","注射用透明质酸钠溶液","注射用透明质酸钠溶液","杭州协合医疗用品有限公司","国产","2026-01-08","","verified","已官方核验/国家政务服务平台NMPA器械查询","注射用透明质酸钠溶液","杭州协合医疗用品有限公司","在医疗机构中使用，用于面部真皮浅层注射，暂时性改善成人皮肤干燥、肤色暗沉。","是","https://mp.weixin.qq.com/s/0NiHLEMxBuJgpZmpo6anKw","","no"
"missing_verified_no_entity_hint","no","有官方核验证号，但全球库未明显命中实体；多半是中国本土/细分证号，需判断是否进入全球产品线","国械注准20263130025","透明质酸钠","透明质酸钠","注射用透明质酸钠溶液","注射用透明质酸钠溶液","海南希睿达生物技术有限公司","国产","2026-01-08","","verified","已官方核验/国家政务服务平台NMPA器械查询","注射用透明质酸钠溶液","海南希睿达生物技术有限公司","在医疗机构中使用，用于面部真皮浅层注射暂时性改善成人皮肤干燥、肤色暗沉。","是","https://mp.weixin.qq.com/s/0NiHLEMxBuJgpZmpo6anKw","","no"
"missing_verified_no_entity_hint","no","有官方核验证号，但全球库未明显命中实体；多半是中国本土/细分证号，需判断是否进入全球产品线","国械注准20263130044","透明质酸钠","透明质酸钠","重组I型α1亚型胶原蛋白及透明质酸钠复合溶液","重组I型α1亚型胶原蛋白及透明质酸钠复合溶液","陕西巨子生物技术有限公司","国产","2026-01-14","","verified","已官方核验/国家政务服务平台NMPA器械查询","重组I型α1亚型胶原蛋白及透明质酸钠复合溶液","陕西巨子生物技术有限公司","该产品适用于满足该产品说明书中所列条件下，用于真皮层的注射，以改善面颊部平滑度。","是","https://mp.weixin.qq.com/s/0NiHLEMxBuJgpZmpo6anKw","","no"
"missing_verified_no_entity_hint","no","有官方核验证号，但全球库未明显命中实体；多半是中国本土/细分证号，需判断是否进入全球产品线","国械注准20263130055","透明质酸钠","透明质酸钠","注射用交联透明质酸钠凝胶","注射用交联透明质酸钠凝胶","济南格莱威医疗科技有限公司","国产","2026-01-14","","verified","已官方核验/国家政务服务平台NMPA器械查询","注射用交联透明质酸钠凝胶","济南格莱威医疗科技有限公司","该产品适用于鼻唇沟部位真皮组织中层至深层注射以纠正中重度鼻唇沟皱纹。","是","https://mp.weixin.qq.com/s/0NiHLEMxBuJgpZmpo6anKw","","no"
"missing_verified_no_entity_hint","no","有官方核验证号，但全球库未明显命中实体；多半是中国本土/细分证号，需判断是否进入全球产品线","国械注准20263130671","透明质酸钠","透明质酸钠","注射用交联透明质酸钠凝胶 海维纳斯・瑅派","注射用交联透明质酸钠凝胶 海维纳斯・瑅派","海雅美生物技术（珠海）有限公司","国产","2026-04-01","","verified","已官方核验/国家政务服务平台NMPA器械查询","注射用交联透明质酸钠凝胶","海雅美生物技术（珠海）有限公司","该产品适用于手背部需要增加组织容量的人群，用于手背部真皮深层，以改善手部皮肤外观。","是","https://mp.weixin.qq.com/s/0NiHLEMxBuJgpZmpo6anKw","","no"
"already_in_global","yes","已在全球库 registration_evidence 中，无需重复导入","国械注进20213130485","透明质酸钠","透明质酸钠","乔雅登丰颜 / Juvéderm VOLUMA with Lidocaine","含利多卡因注射用交联透明质酸钠凝胶 Juvéderm VOLUMA with Lidocaine","艾尔建 / AbbVie","进口","2026-05-08","2026-11-25","verified","证号已官方核验/适应症待官方变更核验","含利多卡因注射用交联透明质酸钠凝胶 Juvéderm VOLUMA with Lidocaine","艾尔建 Allergan","产品适用于面颊部深层（皮下和/或骨膜上）注射，以重塑面部容积；适用于鼻背、鼻小柱和前鼻棘部位骨膜上层（硬骨膜上和/或软骨膜上）注射，以改善外鼻体积及形态。","是","https://mp.weixin.qq.com/s/s7EPbpQUNzUzj-_oOY2hFw","","no"
"missing_verified_no_entity_hint","no","有官方核验证号，但全球库未明显命中实体；多半是中国本土/细分证号，需判断是否进入全球产品线","国械注准20213130276","童颜针 / PLLA","PLLA童颜针","艾维岚","聚乳酸面部填充剂","长春圣博玛生物材料有限公司","国产","2024-05-31","2031-04-18","verified","已官方核验/国家政务服务平台NMPA器械查询","聚乳酸面部填充剂","长春圣博玛生物材料有限公司","适用于注射到真皮深层，以纠正中重度鼻唇沟皱纹。","是","https://mp.weixin.qq.com/s?__biz=MzIyMDEzNzE3NQ==&mid=2649626559&idx=1&sn=dfbf04d3a96de1ad3c97e3b5f7b26be9&chksm=8eb83beb55b6923c75a005f146f5726783f17d9adabe2fc432abd1a851f0db1a40a6f42574ee&mpshare=1&scene=24&srcid=0504GRcPNjQfByNWbwqWuV8x&sharer_shareinfo=d013d2d849ed18db09325f6226830bce&sharer_shareinfo_first=d013d2d849ed18db09325f6226830bce#rd","","no"
"missing_verified_no_entity_hint","no","有官方核验证号，但全球库未明显命中实体；多半是中国本土/细分证号，需判断是否进入全球产品线","国械注准20213130460","童颜针 / PLLA","PLLA童颜针","濡白天使","含左旋乳酸-乙二醇共聚物微球的交联透明质酸钠凝胶","爱美客技术发展股份有限公司","国产","2021-06-24","2026-06-23","verified","已官方核验/国家政务服务平台NMPA器械查询","含左旋乳酸-乙二醇共聚物微球的交联透明质酸钠凝胶","爱美客技术发展股份有限公司","本产品适用于真皮深层、皮下浅层及深层注射填充纠正中、重度鼻唇沟皱纹。","是","https://mp.weixin.qq.com/s?__biz=MzIyMDEzNzE3NQ==&mid=2649626559&idx=1&sn=dfbf04d3a96de1ad3c97e3b5f7b26be9&chksm=8eb83beb55b6923c75a005f146f5726783f17d9adabe2fc432abd1a851f0db1a40a6f42574ee&mpshare=1&scene=24&srcid=0504GRcPNjQfByNWbwqWuV8x&sharer_shareinfo=d013d2d849ed18db09325f6226830bce&sharer_shareinfo_first=d013d2d849ed18db09325f6226830bce#rd","","no"
"already_in_global","yes","已在全球库 registration_evidence 中，无需重复导入","国械注进20243130043","童颜针 / PLLA","PLLA童颜针","臻爱塑菲","聚乳酸面部填充剂 AestheFill","（株）丽臻生物科技股份有限公司REGEN Biotech, Inc.","进口","2024-01-17","2029-01-16","verified","已官方核验/国家政务服务平台NMPA器械查询","聚乳酸面部填充剂 AestheFill","（株）丽臻生物科技股份有限公司REGEN Biotech, Inc.","本产品用于注射到面部真皮深层，以纠正中重度鼻唇沟皱纹。","是","https://mp.weixin.qq.com/s?__biz=MzIyMDEzNzE3NQ==&mid=2649626559&idx=1&sn=dfbf04d3a96de1ad3c97e3b5f7b26be9&chksm=8eb83beb55b6923c75a005f146f5726783f17d9adabe2fc432abd1a851f0db1a40a6f42574ee&mpshare=1&scene=24&srcid=0504GRcPNjQfByNWbwqWuV8x&sharer_shareinfo=d013d2d849ed18db09325f6226830bce&sharer_shareinfo_first=d013d2d849ed18db09325f6226830bce#rd","","no"
"already_in_global","yes","已在全球库 registration_evidence 中，无需重复导入","国械注进20243130557","童颜针 / PLLA","PLLA童颜针","塑妍萃","注射用聚左旋乳酸填充剂Poly-L-lactic acid implant for injection","科医有限公司Q-Med AB","进口","2024-09-30","2029-09-29","verified","已官方核验/国家政务服务平台NMPA器械查询","注射用聚左旋乳酸填充剂Poly-L-lactic acid implant for injection","科医有限公司Q-Med AB","该产品用于真皮深层、皮下层注射，以矫正中面部容量缺失和/或中面部轮廓缺陷。","是","https://mp.weixin.qq.com/s?__biz=MzIyMDEzNzE3NQ==&mid=2649626559&idx=1&sn=dfbf04d3a96de1ad3c97e3b5f7b26be9&chksm=8eb83beb55b6923c75a005f146f5726783f17d9adabe2fc432abd1a851f0db1a40a6f42574ee&mpshare=1&scene=24&srcid=0504GRcPNjQfByNWbwqWuV8x&sharer_shareinfo=d013d2d849ed18db09325f6226830bce&sharer_shareinfo_first=d013d2d849ed18db09325f6226830bce#rd","","no"
"missing_verified_no_entity_hint","no","有官方核验证号，但全球库未明显命中实体；多半是中国本土/细分证号，需判断是否进入全球产品线","国械注准20243132279","童颜针 / PLLA","PLLA童颜针","普丽妍","聚乳酸面部填充剂","普丽妍（南京）医疗科技有限公司","国产","2024-11-21","2029-11-20","verified","已官方核验/国家政务服务平台NMPA器械查询","聚乳酸面部填充剂","普丽妍（南京）医疗科技有限公司","该产品适用于注射到鼻唇沟部位真皮深层，以纠正中重度鼻唇沟皱纹。","是","https://mp.weixin.qq.com/s?__biz=MzIyMDEzNzE3NQ==&mid=2649626559&idx=1&sn=dfbf04d3a96de1ad3c97e3b5f7b26be9&chksm=8eb83beb55b6923c75a005f146f5726783f17d9adabe2fc432abd1a851f0db1a40a6f42574ee&mpshare=1&scene=24&srcid=0504GRcPNjQfByNWbwqWuV8x&sharer_shareinfo=d013d2d849ed18db09325f6226830bce&sharer_shareinfo_first=d013d2d849ed18db09325f6226830bce#rd","","no"
"missing_verified_no_entity_hint","no","有官方核验证号，但全球库未明显命中实体；多半是中国本土/细分证号，需判断是否进入全球产品线","国械注准20253130831","童颜针 / PLLA","PLLA童颜针","斯弗妍","聚乳酸面部填充剂","渼颜空间生物科技（吉林）有限公司","国产","2025-04-23","2030-04-22","verified","已官方核验/国家政务服务平台NMPA器械查询","聚乳酸面部填充剂","渼颜空间生物科技（吉林）有限公司","该产品用于鼻唇沟部位真皮深层注射，以纠正中重度鼻唇沟皱纹。","是","https://mp.weixin.qq.com/s?__biz=MzIyMDEzNzE3NQ==&mid=2649626559&idx=1&sn=dfbf04d3a96de1ad3c97e3b5f7b26be9&chksm=8eb83beb55b6923c75a005f146f5726783f17d9adabe2fc432abd1a851f0db1a40a6f42574ee&mpshare=1&scene=24&srcid=0504GRcPNjQfByNWbwqWuV8x&sharer_shareinfo=d013d2d849ed18db09325f6226830bce&sharer_shareinfo_first=d013d2d849ed18db09325f6226830bce#rd","","no"
"missing_verified_no_entity_hint","no","有官方核验证号，但全球库未明显命中实体；多半是中国本土/细分证号，需判断是否进入全球产品线","国械注准20253131101","童颜针 / PLLA","PLLA童颜针","悦雅颜","聚乳酸面部填充剂","乐普（北京）医疗器械股份有限公司","国产","2025-05-30","2030-05-29","verified","已官方核验/国家政务服务平台NMPA器械查询","聚乳酸面部填充剂","乐普（北京）医疗器械股份有限公司","该产品适用于注射到鼻唇沟部位的真皮深层，以纠正中重度鼻唇沟皱纹。","是","https://mp.weixin.qq.com/s?__biz=MzIyMDEzNzE3NQ==&mid=2649626559&idx=1&sn=dfbf04d3a96de1ad3c97e3b5f7b26be9&chksm=8eb83beb55b6923c75a005f146f5726783f17d9adabe2fc432abd1a851f0db1a40a6f42574ee&mpshare=1&scene=24&srcid=0504GRcPNjQfByNWbwqWuV8x&sharer_shareinfo=d013d2d849ed18db09325f6226830bce&sharer_shareinfo_first=d013d2d849ed18db09325f6226830bce#rd","","no"
"missing_verified_no_entity_hint","no","有官方核验证号，但全球库未明显命中实体；多半是中国本土/细分证号，需判断是否进入全球产品线","国械注准20253131356","童颜针 / PLLA","PLLA童颜针","丽真然","注射用聚左旋乳酸微球填充剂","江苏西宏生物医药有限公司","国产","2025-09-11","2030-07-09","verified","已官方核验/国家政务服务平台NMPA器械查询","注射用聚左旋乳酸微球填充剂","江苏西宏生物医药有限公司","该产品适用于注射到鼻唇沟部位真皮深层及皮下浅层，以纠正中重度鼻唇沟皱纹。","是","https://mp.weixin.qq.com/s?__biz=MzIyMDEzNzE3NQ==&mid=2649626559&idx=1&sn=dfbf04d3a96de1ad3c97e3b5f7b26be9&chksm=8eb83beb55b6923c75a005f146f5726783f17d9adabe2fc432abd1a851f0db1a40a6f42574ee&mpshare=1&scene=24&srcid=0504GRcPNjQfByNWbwqWuV8x&sharer_shareinfo=d013d2d849ed18db09325f6226830bce&sharer_shareinfo_first=d013d2d849ed18db09325f6226830bce#rd","","no"
"already_in_global","yes","已在全球库 registration_evidence 中，无需重复导入","国械注进20253130300","童颜针 / PLLA","PLLA童颜针","爱唯缇","注射用聚左旋乳酸面部填充剂","PRP SCIENCE Co.,Ltd.(주)피알피사이언스","进口","2025-07-10","2030-07-09","verified","已官方核验/国家政务服务平台NMPA器械查询","注射用聚左旋乳酸面部填充剂","PRP SCIENCE Co.,Ltd.(주)피알피사이언스","本产品用于注射到人体面部鼻唇沟真皮深层和/或皮下组织，以纠正中度到重度的鼻唇沟皱纹。","是","https://mp.weixin.qq.com/s?__biz=MzIyMDEzNzE3NQ==&mid=2649626559&idx=1&sn=dfbf04d3a96de1ad3c97e3b5f7b26be9&chksm=8eb83beb55b6923c75a005f146f5726783f17d9adabe2fc432abd1a851f0db1a40a6f42574ee&mpshare=1&scene=24&srcid=0504GRcPNjQfByNWbwqWuV8x&sharer_shareinfo=d013d2d849ed18db09325f6226830bce&sharer_shareinfo_first=d013d2d849ed18db09325f6226830bce#rd","","no"
"missing_verified_no_entity_hint","no","有官方核验证号，但全球库未明显命中实体；多半是中国本土/细分证号，需判断是否进入全球产品线","国械注准20253132268","童颜针 / PLLA","PLLA童颜针","奥芮佳","注射用聚左旋乳酸微球填充剂","浙江微度医疗器械有限公司","国产","2025-11-05","2030-11-04","verified","已官方核验/国家政务服务平台NMPA器械查询","注射用聚左旋乳酸微球填充剂","浙江微度医疗器械有限公司","该产品适用于注射到鼻唇沟部位真皮深层，以纠正中重度鼻唇沟皱纹。","是","https://mp.weixin.qq.com/s?__biz=MzIyMDEzNzE3NQ==&mid=2649626559&idx=1&sn=dfbf04d3a96de1ad3c97e3b5f7b26be9&chksm=8eb83beb55b6923c75a005f146f5726783f17d9adabe2fc432abd1a851f0db1a40a6f42574ee&mpshare=1&scene=24&srcid=0504GRcPNjQfByNWbwqWuV8x&sharer_shareinfo=d013d2d849ed18db09325f6226830bce&sharer_shareinfo_first=d013d2d849ed18db09325f6226830bce#rd","","no"
"missing_verified_no_entity_hint","no","有官方核验证号，但全球库未明显命中实体；多半是中国本土/细分证号，需判断是否进入全球产品线","国械注准20263130095","童颜针 / PLLA","PLLA童颜针","伊臻","注射用聚左旋乳酸填充剂","成都伊臻生物科技有限公司","国产","2026-02-12","2031-01-13","verified","已官方核验/国家政务服务平台NMPA器械查询","注射用聚左旋乳酸填充剂","成都伊臻生物科技有限公司","适用于颞部，注射至骨膜上层用以改善成人轻中度颞部凹陷。","是","https://mp.weixin.qq.com/s?__biz=MzIyMDEzNzE3NQ==&mid=2649626559&idx=1&sn=dfbf04d3a96de1ad3c97e3b5f7b26be9&chksm=8eb83beb55b6923c75a005f146f5726783f17d9adabe2fc432abd1a851f0db1a40a6f42574ee&mpshare=1&scene=24&srcid=0504GRcPNjQfByNWbwqWuV8x&sharer_shareinfo=d013d2d849ed18db09325f6226830bce&sharer_shareinfo_first=d013d2d849ed18db09325f6226830bce#rd","","no"
"missing_verified_no_entity_hint","no","有官方核验证号，但全球库未明显命中实体；多半是中国本土/细分证号，需判断是否进入全球产品线","国械注准20263130388","童颜针 / PLLA","PLLA童颜针","汇悦妍","注射用聚左旋乳酸微球填充剂","和妍（上海）医疗器械有限公司","国产","2026-02-13","2031-02-12","verified","已官方核验/国家政务服务平台NMPA器械查询","注射用聚左旋乳酸微球填充剂","和妍（上海）医疗器械有限公司","该产品适用于鼻唇沟部位皮下层注射，以纠正中重度鼻唇沟皱纹。","是","https://mp.weixin.qq.com/s?__biz=MzIyMDEzNzE3NQ==&mid=2649626559&idx=1&sn=dfbf04d3a96de1ad3c97e3b5f7b26be9&chksm=8eb83beb55b6923c75a005f146f5726783f17d9adabe2fc432abd1a851f0db1a40a6f42574ee&mpshare=1&scene=24&srcid=0504GRcPNjQfByNWbwqWuV8x&sharer_shareinfo=d013d2d849ed18db09325f6226830bce&sharer_shareinfo_first=d013d2d849ed18db09325f6226830bce#rd","","no"
"already_in_global","yes","已在全球库 registration_evidence 中，无需重复导入","国械注进20213130100","少女针 / PCL","PCL少女针","伊妍仕 Ellansé","注射用聚己内酯微球面部填充剂","Sinclair Pharma Limited","进口","2021-04-13","","verified","已官方核验/国家政务服务平台NMPA器械查询","注射用聚己内酯微球面部填充剂Polycaprolactone Gel for Injection","艾克蒂思医疗有限公司AQTIS Medical B.V.","用于皮下层植入，以纠正中到重度鼻唇沟皱纹。","是","https://www.caparz.cn/index/product/detail/id/210.html","","no"
"missing_verified_no_entity_hint","no","有官方核验证号，但全球库未明显命中实体；多半是中国本土/细分证号，需判断是否进入全球产品线","国械注准20243131626","少女针 / PCL","PCL少女针","塑妍真","注射用聚己内酯微球面部填充剂","山东采采医疗科技有限公司","国产","2024-08-27","","verified","已官方核验/国家政务服务平台NMPA器械查询","注射用聚己内酯微球面部填充剂","山东采采医疗科技有限公司","该产品用于皮下组织注射填充，以纠正中重度鼻唇沟皱纹。","是","https://mp.weixin.qq.com/s/oe8cKFLQIFHTjUZpgoXpdA","","no"
"missing_verified_no_entity_hint","no","有官方核验证号，但全球库未明显命中实体；多半是中国本土/细分证号，需判断是否进入全球产品线","国械注准20253130671","少女针 / PCL","PCL少女针","倾研","注射用聚己内酯微球面部填充剂","渼颜空间生物科技（吉林）有限公司","国产","2025-03-31","","verified","已官方核验/国家政务服务平台NMPA器械查询","注射用聚己内酯微球面部填充剂","渼颜空间生物科技（吉林）有限公司","该产品适用于注射到鼻唇沟部位皮下层，以纠正中到重度鼻唇沟皱纹。","是","https://ir.sihuanpharm.com/media/rw2a3vqo/hkex-eps_20250915_11841228_0.pdf","","no"
"missing_verified_no_entity_hint","no","有官方核验证号，但全球库未明显命中实体；多半是中国本土/细分证号，需判断是否进入全球产品线","国械注准20253132404","少女针 / PCL","PCL少女针","塑妍真（下颏适应证）","注射用聚己内酯微球面部填充剂","山东采采医疗科技有限公司","国产","2025-11-28","","verified","已官方核验/国家政务服务平台NMPA器械查询","注射用聚己内酯微球面部填充剂","山东采采医疗科技有限公司","该产品适用于注射到皮下组织，填充下颌区域，以改善轻度至中度下颌后缩患者的下颌轮廓。","是","https://mp.weixin.qq.com/s/Yfc9O14pXJmRAfsUnLJBfQ","","no"
"already_in_global","yes","已在全球库 registration_evidence 中，无需重复导入","国械注进20263130151","少女针 / PCL","PCL少女针","伊妍仕恒耀™ / Ellansé-M","注射用聚己内酯微球面部填充剂","艾克蒂思医疗有限公司AQTIS Medical B.V.","进口","2026-04-21","","verified","已官方核验/国家政务服务平台NMPA器械查询","注射用聚己内酯微球面部填充剂Polycaprolactone Gel for Injection","艾克蒂思医疗有限公司AQTIS Medical B.V.","该产品适用于颞部，注射至骨膜上层用以改善成人轻中度颞部凹陷，在医疗机构使用。","是","http://money.finance.sina.com.cn/corp/view/vCB_AllBulletinDetail.php?id=12171420&stockid=000963","","no"
"missing_verified_no_entity_hint","no","有官方核验证号，但全球库未明显命中实体；多半是中国本土/细分证号，需判断是否进入全球产品线","国械注准20253130390","羟基磷酸钙 / CaHA","CaHA羟基磷酸钙微球","优法兰 CC针","注射用羟基磷酸钙微球面部填充剂","上海摩漾生物科技有限公司","国产","2025-02-17","","verified","已官方核验/国家政务服务平台NMPA器械查询","注射用羟基磷酸钙微球面部填充剂","上海摩漾生物科技有限公司","用于鼻唇沟部位皮下层注射，以纠正中重度鼻唇沟皱纹。","是","https://www.prnasia.com/story/479794-1.shtml","","no"
"already_in_global","yes","已在全球库 registration_evidence 中，无需重复导入","国械注进20253130124","羟基磷酸钙 / CaHA","CaHA羟基磷酸钙微球","RADIESSE 芮得怡","注射用羟基磷酸钙微球面部填充剂","Merz North America, Inc.","进口","2025-03-07","","verified","已官方核验/国家政务服务平台NMPA器械查询","注射用羟基磷酸钙微球面部填充剂RADIESSE INJECTABLE IMPLANT","梅尔茨北美公司Merz North America Inc.","该产品适用于注射到鼻唇沟部位皮下层，以纠正中重度鼻唇沟皱纹。","是","https://www.prnasia.com/story/513176-1.shtml","","no"
"missing_verified_no_entity_hint","no","有官方核验证号，但全球库未明显命中实体；多半是中国本土/细分证号，需判断是否进入全球产品线","国械注准20173130346","羟基磷酸钙 / CaHA","CaHA边界市场","菲林普利","羟基磷灰石生物陶瓷","四川拜阿蒙生物活性材料有限责任公司","国产","2021-12-02","2027-03-02","verified","已官方核验/国家政务服务平台NMPA器械查询","羟基磷灰石生物陶瓷","四川拜阿蒙生物活性材料有限责任公司","各种原因所致的骨缺损修复或填充；各种原因所致的软组织修复或增强，如眼球摘除或眼内容物剜除后的义眼台植入。","否","https://bydrug.pharmcube.com/detailpage/deviceCNImported/42d1b2ce7d39b4581689fc4d20efdb9d","","no"
"missing_verified_no_entity_hint","no","有官方核验证号，但全球库未明显命中实体；多半是中国本土/细分证号，需判断是否进入全球产品线","国械注准20183131912","羟基磷酸钙 / CaHA","CaHA边界市场","海魅·云境","羟基磷灰石生物陶瓷","上海倍尔康生物医学科技有限公司","国产","2018","2028","verified","已官方核验/国家政务服务平台NMPA器械查询","羟基磷灰石生物陶瓷","上海倍尔康生物医学科技有限公司","适用于非承重性骨缺损的填充。","否","https://www.sohu.com/a/742457641_121303447","","no"
"missing_verified_no_entity_hint","no","有官方核验证号，但全球库未明显命中实体；多半是中国本土/细分证号，需判断是否进入全球产品线","国械注准20153131017","羟基磷酸钙 / CaHA","CaHA边界市场","悦龄塑","复合磷酸钙骨植入材料","上海睿星医疗器材有限公司","国产","2015","","verified","已官方核验/国家政务服务平台NMPA器械查询","复合磷酸钙骨植入材料","上海睿星医疗器材有限公司","适用于非承重性骨缺损的填充。","否","https://www.yuelingsu.com/","","no"
"missing_verified_no_entity_hint","no","有官方核验证号，但全球库未明显命中实体；多半是中国本土/细分证号，需判断是否进入全球产品线","国械注准20253132517","胶原蛋白","胶原蛋白","艾佰瑞胶原蛋白植入剂","胶原蛋白植入剂","北京艾佰瑞生物技术有限公司","国产","2025-12-10","2030-12-09","verified","已官方核验/国家政务服务平台NMPA器械查询","胶原蛋白植入剂","北京艾佰瑞生物技术有限公司","该产品适用于面颊部真皮层注射，以改善面颊部平滑度。","是","https://udi.nmpa.gov.cn/showDetailCX.html?deviceRecordKey=0697782406001220251229114720780","","no"
"missing_verified_no_entity_hint","no","有官方核验证号，但全球库未明显命中实体；多半是中国本土/细分证号，需判断是否进入全球产品线","国械注许20173130007","胶原蛋白","胶原蛋白","肤丽美","胶原蛋白植入剂 Sunmax Collagen Implant I-Plus","双美生物科技股份有限公司","港澳台","2025-06-03","2031-03-07","verified","已官方核验/国家政务服务平台NMPA器械查询","胶原蛋白植入剂Sunmax Collagen Implant I-Plus","双美生物科技股份有限公司","该产品适用于面部真皮组织中层至深层注射以纠正鼻唇沟重力性皱纹。","是","https://udi.nmpa.gov.cn/showDetailCX.html?deviceRecordKey=0471040996369620251219042411557","","no"
"missing_verified_no_entity_hint","no","有官方核验证号，但全球库未明显命中实体；多半是中国本土/细分证号，需判断是否进入全球产品线","国械注许20193130064","胶原蛋白","胶原蛋白","肤柔美","胶原蛋白植入剂 Sunmax Collagen Implant I","双美生物科技股份有限公司","港澳台","2023-04-07","2029-04-14","verified","已官方核验/国家政务服务平台NMPA器械查询","胶原蛋白植入剂“Sunmax”Collagen Implant I","双美生物科技股份有限公司","该产品用于面部真皮组织填充以纠正额部动力性皱纹(如眉间纹、额头纹和鱼尾纹等)。","是","https://udi.nmpa.gov.cn/showDetailCX.html?deviceRecordKey=0471040996367220251219040718235","","no"
"missing_verified_no_entity_hint","no","有官方核验证号，但全球库未明显命中实体；多半是中国本土/细分证号，需判断是否进入全球产品线","国械注准20253130751","胶原蛋白","胶原蛋白","薇旖美","注射用重组Ⅲ型人源化胶原蛋白凝胶","山西锦波生物医药股份有限公司","国产","2025-04-09","2030-04-08","verified","已官方核验/国家政务服务平台NMPA器械查询","注射用重组Ⅲ型人源化胶原蛋白凝胶","山西锦波生物医药股份有限公司","产品适用于注射到中面部皮下至骨膜上层，以矫正中面部容量缺失和/或中面部轮廓缺陷。","是","https://udi.nmpa.gov.cn/showDetailCX.html?deviceRecordKey=0694760571930920260423025246896","","no"
"missing_verified_no_entity_hint","no","有官方核验证号，但全球库未明显命中实体；多半是中国本土/细分证号，需判断是否进入全球产品线","国械注准20233131245","胶原蛋白","胶原蛋白","修丽可铂研","注射用重组Ⅲ型人源化胶原蛋白溶液","山西锦波生物医药股份有限公司","国产","2023-08-28","2028-08-27","verified","已官方核验/国家政务服务平台NMPA器械查询","注射用重组Ⅲ型人源化胶原蛋白溶液","山西锦波生物医药股份有限公司","该产品用于面部真皮组织填充以纠正额部动力性皱纹（包括眉间纹、额头纹和鱼尾纹）。","是","https://udi.nmpa.gov.cn/showDetailCX.html?deviceRecordKey=0694760571635320231014030604963","","no"
"missing_verified_no_entity_hint","no","有官方核验证号，但全球库未明显命中实体；多半是中国本土/细分证号，需判断是否进入全球产品线","国械注准20263130023","胶原蛋白","胶原蛋白","奇璞胶原蛋白植入剂","胶原蛋白植入剂","成都奇璞生物科技有限公司","国产","2026-01-07","2031-01-06","verified","已官方核验/国家政务服务平台NMPA器械查询","胶原蛋白植入剂","成都奇璞生物科技有限公司","该产品适用于面部鱼尾纹部位真皮组织注射填充以纠正鱼尾纹。","是","https://udi.nmpa.gov.cn/showDetailCX.html?deviceRecordKey=16976551130019202602051028011","","no"
"missing_verified_no_entity_hint","no","有官方核验证号，但全球库未明显命中实体；多半是中国本土/细分证号，需判断是否进入全球产品线","国械注准20253132516","胶原蛋白","胶原蛋白","崇山医用胶原蛋白植入剂","医用胶原蛋白植入剂","浙江崇山生物制品有限公司","国产","2025-12-10","2030-12-09","verified","已官方核验/国家政务服务平台NMPA器械查询","医用胶原蛋白植入剂","浙江崇山生物制品有限公司","适用于面部鼻唇沟部位真皮组织中层至深层及皮下注射以纠正中重度鼻唇沟皱纹。","是","https://udi.nmpa.gov.cn/showDetailCX.html?deviceRecordKey=0694001670112320251217043213403","","no"
"missing_verified_no_entity_hint","no","有官方核验证号，但全球库未明显命中实体；多半是中国本土/细分证号，需判断是否进入全球产品线","国械注准20253131017","胶原蛋白","胶原蛋白","珂瑞康面部胶原蛋白植入剂","注射用面部胶原蛋白植入剂","浙江珂瑞康生物医疗科技有限公司","国产","2025-05-27","2030-05-26","verified","已官方核验/国家政务服务平台NMPA器械查询","注射用面部胶原蛋白植入剂","浙江珂瑞康生物医疗科技有限公司","适用于面部真皮组织填充以纠正额部动力性皱纹（包括眉间纹、额头纹和鱼尾纹）。","是","https://udi.nmpa.gov.cn/showDetailCX.html?deviceRecordKey=0697476242037320260417034138106","","no"
"provincial_or_unsupported","no","省级/二类或 UDI 线索：不直接进全球主库，除非你确认该类纳入口径","吉械注准20242140713","胶原蛋白","胶原蛋白","医用重组胶原蛋白面部护理膏","医用重组胶原蛋白面部护理膏","吉林省国人生物工程有限公司","国产","2024","","unsupported_certificate_type","省级器械待省局核验","","","","否","https://udi.nmpa.gov.cn/showDetailCX.html?deviceRecordKey=818d984b78df445dac2a7292d62e8068","","no"
"provincial_or_unsupported","no","省级/二类或 UDI 线索：不直接进全球主库，除非你确认该类纳入口径","辽械注准20252140119","胶原蛋白","胶原蛋白","重组胶原蛋白皮肤修复敷料","重组胶原蛋白皮肤修复敷料","修原（辽宁）生物有限公司","国产","2025","","unsupported_certificate_type","省级器械待省局核验","","","","否","https://udi.nmpa.gov.cn/showDetailCX.html?deviceRecordKey=0697791144026020251226022937019","","no"
"provincial_or_unsupported","no","省级/二类或 UDI 线索：不直接进全球主库，除非你确认该类纳入口径","吉械注准20222140077","胶原蛋白","胶原蛋白","医用重组人源Ⅲ型胶原蛋白皮肤修复护理膜","医用重组人源Ⅲ型胶原蛋白皮肤修复护理膜","吉林省国大生物工程有限公司","国产","2022","","unsupported_certificate_type","省级器械待省局核验","","","","否","https://udi.nmpa.gov.cn/showDetailCX.html?deviceRecordKey=bdb0037b1568484db09865bdb3b3c0ab","","no"
"provincial_or_unsupported","no","省级/二类或 UDI 线索：不直接进全球主库，除非你确认该类纳入口径","吉械注准20252140758","胶原蛋白","胶原蛋白","医用重组胶原蛋白疤痕修复凝胶","医用重组胶原蛋白疤痕修复凝胶","吉林省曹兴堂生物医药有限公司","国产","2025","","unsupported_certificate_type","省级器械待省局核验","","","","否","https://udi.nmpa.gov.cn/showDetailCX.html?deviceRecordKey=0697658545027820260428094426417","","no"
"provincial_or_unsupported","no","省级/二类或 UDI 线索：不直接进全球主库，除非你确认该类纳入口径","黑械注准20222140037","胶原蛋白","胶原蛋白","医用重组III型人源化胶原蛋白修复凝胶","医用重组III型人源化胶原蛋白修复凝胶","哈尔滨依佳美成生物科技有限公司","国产","2022","","unsupported_certificate_type","省级器械待省局核验","","","","否","https://udi.nmpa.gov.cn/showDetailCX.html?deviceRecordKey=f4ff3e19f7194e33b829ce5080144c6a","","no"
"provincial_or_unsupported","no","省级/二类或 UDI 线索：不直接进全球主库，除非你确认该类纳入口径","黑械注准20222140039","胶原蛋白","胶原蛋白","医用重组Ⅲ型人源化胶原蛋白修复贴","医用重组Ⅲ型人源化胶原蛋白修复贴","哈尔滨依佳美成生物科技有限公司","国产","2022","","unsupported_certificate_type","省级器械待省局核验","","","","否","https://udi.nmpa.gov.cn/showDetailCX.html?deviceRecordKey=866e7bac7e154a5c837c490c92ab6bb9","","no"
"provincial_or_unsupported","no","省级/二类或 UDI 线索：不直接进全球主库，除非你确认该类纳入口径","黑械注准20222140007","胶原蛋白","胶原蛋白","医用重组III型人源化胶原蛋白修复液","医用重组III型人源化胶原蛋白修复液","哈尔滨运美达生物科技有限公司","国产","2022","","unsupported_certificate_type","省级器械待省局核验","","","","否","https://udi.nmpa.gov.cn/showDetailCX.html?deviceRecordKey=1552454872104cec92a6a61c036b709b","","no"
"provincial_or_unsupported","no","省级/二类或 UDI 线索：不直接进全球主库，除非你确认该类纳入口径","黑械注准20212140027","胶原蛋白","胶原蛋白","医用重组III型人源化胶原蛋白修复贴","医用重组III型人源化胶原蛋白修复贴","哈尔滨运美达生物科技有限公司","国产","2021","","unsupported_certificate_type","省级器械待省局核验","","","","否","https://udi.nmpa.gov.cn/showDetailCX.html?deviceRecordKey=ba1b6054851f4884903c8d4bdd285b0b","","no"
"provincial_or_unsupported","no","省级/二类或 UDI 线索：不直接进全球主库，除非你确认该类纳入口径","黑械注准20222140009","胶原蛋白","胶原蛋白","医用重组Ⅲ型人源化胶原蛋白修复软膏","医用重组Ⅲ型人源化胶原蛋白修复软膏","哈尔滨运美达生物科技有限公司","国产","2022","","unsupported_certificate_type","省级器械待省局核验","","","","否","https://udi.nmpa.gov.cn/showDetailCX.html?deviceRecordKey=beb909fa0d434f4cbb93462d73a20868","","no"
"provincial_or_unsupported","no","省级/二类或 UDI 线索：不直接进全球主库，除非你确认该类纳入口径","津械注准20252140044","胶原蛋白","胶原蛋白","重组胶原蛋白皮肤屏障修复敷料","重组胶原蛋白皮肤屏障修复敷料","天津市欧歌药业科技有限公司","国产","2025","","unsupported_certificate_type","省级器械待省局核验","","","","否","https://udi.nmpa.gov.cn/showDetailCX.html?deviceRecordKey=0697546430016120260108043106592","","no"
"provincial_or_unsupported","no","省级/二类或 UDI 线索：不直接进全球主库，除非你确认该类纳入口径","宁械注准20242140022","胶原蛋白","胶原蛋白","医用重组胶原蛋白皮肤修复喷剂敷料","医用重组胶原蛋白皮肤修复喷剂敷料","汉方再生医学（银川）集团有限公司","国产","2024","","unsupported_certificate_type","省级器械待省局核验","","","","否","https://udi.nmpa.gov.cn/showDetailCX.html?deviceRecordKey=0697504988941820260318114624635","","no"
"provincial_or_unsupported","no","省级/二类或 UDI 线索：不直接进全球主库，除非你确认该类纳入口径","宁械注准20242140024","胶原蛋白","胶原蛋白","医用重组胶原蛋白皮肤修复敷料","医用重组胶原蛋白皮肤修复敷料","汉方再生医学（银川）集团有限公司","国产","2024","","unsupported_certificate_type","省级器械待省局核验","","","","否","https://udi.nmpa.gov.cn/showDetailCX.html?deviceRecordKey=0697504988940120260318122000258","","no"
"provincial_or_unsupported","no","省级/二类或 UDI 线索：不直接进全球主库，除非你确认该类纳入口径","宁械注准20242140023","胶原蛋白","胶原蛋白","医用重组胶原蛋白皮肤修复液","医用重组胶原蛋白皮肤修复液","汉方再生医学（银川）集团有限公司","国产","2024","","unsupported_certificate_type","省级器械待省局核验","","","","否","https://udi.nmpa.gov.cn/showDetailCX.html?deviceRecordKey=0697504988939520260318025626107","","no"
"provincial_or_unsupported","no","省级/二类或 UDI 线索：不直接进全球主库，除非你确认该类纳入口径","湘械注准20222140481","胶原蛋白","胶原蛋白","医用重组III型人源化胶原蛋白修护膜（液）","医用重组III型人源化胶原蛋白修护膜（液）","湖南仁馨生物技术有限公司","国产","2022","","unsupported_certificate_type","省级器械待省局核验","","","","否","https://udi.nmpa.gov.cn/showDetailCX.html?deviceRecordKey=f140071c7892483280988cadd8e2a53c","","no"
"provincial_or_unsupported","no","省级/二类或 UDI 线索：不直接进全球主库，除非你确认该类纳入口径","湘械注准20232141117","胶原蛋白","胶原蛋白","医用重组胶原蛋白疤痕修护凝胶","医用重组胶原蛋白疤痕修护凝胶","湖南微肽美汇医疗科技有限公司","国产","2023","","unsupported_certificate_type","省级器械待省局核验","","","","否","https://udi.nmpa.gov.cn/showDetailCX.html?deviceRecordKey=31be68b239c94b5e97e47089c13f1e15","","no"
"provincial_or_unsupported","no","省级/二类或 UDI 线索：不直接进全球主库，除非你确认该类纳入口径","湘械注准20222141799","胶原蛋白","胶原蛋白","由美密码 酵母重组III型人源化胶原蛋白疤痕凝胶","酵母重组III型人源化胶原蛋白疤痕凝胶","湖南有美生物科技有限公司","国产","2022","","unsupported_certificate_type","省级器械待省局核验","","","","否","https://udi.nmpa.gov.cn/showDetailCX.html?deviceRecordKey=c416d563e14e43d6bc915c53103d7f12","","no"
"provincial_or_unsupported","no","省级/二类或 UDI 线索：不直接进全球主库，除非你确认该类纳入口径","湘械注准20242140931","胶原蛋白","胶原蛋白","Originalook 科丽真 医用重组胶原蛋白疤痕修复凝胶 20g/支","Originalook 科丽真 医用重组胶原蛋白疤痕修复凝胶 20g/支","湖南银华棠医药科技有限公司","国产","2024","","unsupported_certificate_type","省级器械待省局核验","","","","否","https://udi.nmpa.gov.cn/showDetailCX.html?deviceRecordKey=1faed683645c4b03a1ea7697103446a2","","no"
"provincial_or_unsupported","no","省级/二类或 UDI 线索：不直接进全球主库，除非你确认该类纳入口径","湘械注准20242141055","胶原蛋白","胶原蛋白","Uoik 医用重组胶原蛋白疤痕修复软膏 20g/支/盒","Uoik 医用重组胶原蛋白疤痕修复软膏 20g/支/盒","湖南银华棠医药科技有限公司","国产","2024","","unsupported_certificate_type","省级器械待省局核验","","","","否","https://udi.nmpa.gov.cn/showDetailCX.html?deviceRecordKey=13b0896b9bb84616931ffcf7840ae94d","","no"
"provincial_or_unsupported","no","省级/二类或 UDI 线索：不直接进全球主库，除非你确认该类纳入口径","湘械注准20222140442","胶原蛋白","胶原蛋白","奈美星NAIMEIXING 医用重组Ⅲ型人源化胶原蛋白修护贴 面膜型 30g/贴*5贴/盒","奈美星NAIMEIXING 医用重组Ⅲ型人源化胶原蛋白修护贴 面膜型 30g/贴*5贴/盒","湖南银华棠医药科技有限公司","国产","2022","","unsupported_certificate_type","省级器械待省局核验","","","","否","https://udi.nmpa.gov.cn/showDetailCX.html?deviceRecordKey=e55fc798c3b94b5584ea08192cf910dc","","no"
"provincial_or_unsupported","no","省级/二类或 UDI 线索：不直接进全球主库，除非你确认该类纳入口径","湘械注准20222141211","胶原蛋白","胶原蛋白","養怡和 医用重组III型人源化胶原蛋白修护液 无菌型 5ml/瓶*5瓶/盒","養怡和 医用重组III型人源化胶原蛋白修护液 无菌型 5ml/瓶*5瓶/盒","湖南银华棠医药科技有限公司","国产","2022","","unsupported_certificate_type","省级器械待省局核验","","","","否","https://udi.nmpa.gov.cn/showDetailCX.html?deviceRecordKey=2a8e63f748ff482bab0d214c3b3d9ebc","","no"
"provincial_or_unsupported","no","省级/二类或 UDI 线索：不直接进全球主库，除非你确认该类纳入口径","苏械注准20252141427","胶原蛋白","胶原蛋白","重组胶原蛋白疤痕凝胶（Blue Dew蓝露）","重组胶原蛋白疤痕凝胶","苏州圣惠医疗器械有限公司","国产","2025","","unsupported_certificate_type","省级器械待省局核验","","","","否","https://udi.nmpa.gov.cn/showDetailCX.html?deviceRecordKey=0697217659414720251011084008617","","no"
"provincial_or_unsupported","no","省级/二类或 UDI 线索：不直接进全球主库，除非你确认该类纳入口径","苏械注准20252140545","胶原蛋白","胶原蛋白","重组胶原蛋白疤痕凝胶","重组胶原蛋白疤痕凝胶","苏州浩微生物医疗科技有限公司","国产","2025","","unsupported_certificate_type","省级器械待省局核验","","","","否","https://udi.nmpa.gov.cn/showDetailCX.html?deviceRecordKey=1697517053151120251222013806366","","no"
"provincial_or_unsupported","no","省级/二类或 UDI 线索：不直接进全球主库，除非你确认该类纳入口径","吉械注准20242140621","胶原蛋白","胶原蛋白","医用重组胶原蛋白皮肤修复敷料","医用重组胶原蛋白皮肤修复敷料","长春市奥朗特生化药械科研基地有限公司","国产","2024","","unsupported_certificate_type","省级器械待省局核验","","","","否","https://udi.nmpa.gov.cn/showDetailCX.html?deviceRecordKey=1b5fd145311d4154a13f91ff04a08905","","no"
"provincial_or_unsupported","no","省级/二类或 UDI 线索：不直接进全球主库，除非你确认该类纳入口径","湘械注准20222140444","胶原蛋白","胶原蛋白","重组Ⅲ型人源化胶原蛋白疤痕凝胶","重组Ⅲ型人源化胶原蛋白疤痕凝胶","长沙聚源医疗科技有限公司","国产","2022","","unsupported_certificate_type","省级器械待省局核验","","","","否","https://udi.nmpa.gov.cn/showDetailCX.html?deviceRecordKey=1fec4d9157dd491bbf54a03bc2c53d49","","no"
"provincial_or_unsupported","no","省级/二类或 UDI 线索：不直接进全球主库，除非你确认该类纳入口径","陕械注准20192140042","胶原蛋白","胶原蛋白","类人胶原蛋白生物修复敷料","重组胶原蛋白生物修复敷料","陕西巨子生物技术有限公司","国产","2022-09-07","2024-05-21","unsupported_certificate_type","省级器械待省局核验","","","","否","https://udi.nmpa.gov.cn/showDetailCX.html?deviceRecordKey=0693686010077920231025025059819","","no"
"provincial_or_unsupported","no","省级/二类或 UDI 线索：不直接进全球主库，除非你确认该类纳入口径","陕械注准20152140138","胶原蛋白","胶原蛋白","类人胶原蛋白疤痕修复硅凝胶","重组胶原蛋白疤痕修复硅凝胶","陕西巨子生物技术有限公司","国产","2022-09-07","2025-07-09","unsupported_certificate_type","省级器械待省局核验","","","","否","https://udi.nmpa.gov.cn/showDetailCX.html?deviceRecordKey=0693686010010620231025025948705","","no"
"provincial_or_unsupported","no","省级/二类或 UDI 线索：不直接进全球主库，除非你确认该类纳入口径","陕械注准20142140018","胶原蛋白","胶原蛋白","可痕重组胶原蛋白修复敷料","重组胶原蛋白修复敷料","陕西巨子生物技术有限公司","国产","2022-12-26","2028-08-19","unsupported_certificate_type","省级器械待省局核验","","","","否","https://udi.nmpa.gov.cn/showDetailCX.html?deviceRecordKey=1693686010174220251128113741707","","no"
"provincial_or_unsupported","no","省级/二类或 UDI 线索：不直接进全球主库，除非你确认该类纳入口径","青械注准20182140004","胶原蛋白","胶原蛋白","重组胶原蛋白疤痕凝胶敷料","重组胶原蛋白疤痕凝胶敷料","青海创铭医疗器械有限公司","国产","2023-07-19","2028-07-18","unsupported_certificate_type","省级器械待省局核验","","","","否","https://udi.nmpa.gov.cn/showDetailCX.html?deviceRecordKey=0697160080362620260211022751608","","no"
"missing_verified_no_entity_hint","no","有官方核验证号，但全球库未明显命中实体；多半是中国本土/细分证号，需判断是否进入全球产品线","国械注准20253131612","胶原蛋白","胶原蛋白","珂瑞康注射用胶原溶液","注射用胶原溶液","浙江珂瑞康生物医疗科技有限公司","国产","2025-08-25","","verified","已官方核验/国家政务服务平台NMPA器械查询","注射用胶原溶液","浙江珂瑞康生物医疗科技有限公司","适用于面部鱼尾纹部位真皮组织注射填充以纠正鱼尾纹。","是","https://mp.weixin.qq.com/s/vSCwjyD-BoqCw4DmIm19cQ","","no"
"missing_verified_no_entity_hint","no","有官方核验证号，但全球库未明显命中实体；多半是中国本土/细分证号，需判断是否进入全球产品线","国械注准20163131609","胶原蛋白","胶原蛋白","弗缦 FILLDERM","医用胶原充填剂","斐缦（长春）医药生物科技有限责任公司","国产","2021-11-03","2026-11-02","verified","已官方核验/国家政务服务平台NMPA器械查询","医用胶原充填剂","斐缦（长春）医药生物科技有限责任公司","本产品用于面部真皮组织填充以纠正中、重度鼻唇沟。","是","https://fiman.com/","","no"
"already_in_global","yes","已在全球库 registration_evidence 中，无需重复导入","国械注进20163132859","PMMA 注射填充剂","PMMA 注射填充剂","爱贝芙 ArteColl","整形用胶原和PMMA皮下植入物系统 ArteColl","荷兰汉福生物科技公司Hafod Bioscience B.V.","进口","2021-10-26","2026-10-25","verified","已官方核验/国家政务服务平台NMPA器械查询","整形用胶原和PMMA皮下植入物系统ArteColl","荷兰汉福生物科技公司Hafod Bioscience B.V.","该产品用于注射到真皮深层以纠正鼻唇沟纹，或填充到骨膜外层以进行（鼻骨段）隆鼻。","是","https://mp.weixin.qq.com/s/bge82pQPbTp_0khKEVUXaw","","no"
"already_in_global","yes","已在全球库 registration_evidence 中，无需重复导入","国械注进20243130041","PMMA 注射填充剂","PMMA 注射填充剂","Bellafill","整形用胶原和PMMA皮下植入物系统 Bellafill","圣诺华医疗股份有限公司Suneva Medical, Inc.","进口","2024-01-17","2029-01-16","verified","已官方核验/国家政务服务平台NMPA器械查询","整形用胶原和PMMA皮下植入物系统Bellafill","圣诺华医疗股份有限公司Suneva Medical, Inc.","该产品注射到真皮深层以矫正中度至重度的鼻唇沟皱纹，适用于21 岁以上的成年患者。","是","https://mp.weixin.qq.com/s/bge82pQPbTp_0khKEVUXaw","","no"
"missing_verified_no_entity_hint","no","有官方核验证号，但全球库未明显命中实体；多半是中国本土/细分证号，需判断是否进入全球产品线","国械注准20253132643","胶原蛋白","胶原蛋白","悦白之几·若境","交联重组胶原蛋白植入剂","江苏创健医疗科技股份有限公司","国产","2025-12-23","2030-12-22","verified","已官方核验/国家政务服务平台NMPA器械查询","交联重组胶原蛋白植入剂","江苏创健医疗科技股份有限公司","适用于满足该产品说明书所列条件下，面部真皮组织填充以纠正额部中重度动力性皱纹，包括眉间纹、额头纹和鱼尾纹。","是","https://mp.weixin.qq.com/s/bge82pQPbTp_0khKEVUXaw","","no"
"missing_verified_no_entity_hint","no","有官方核验证号，但全球库未明显命中实体；多半是中国本土/细分证号，需判断是否进入全球产品线","国械注准20213130488","胶原蛋白","胶原蛋白","薇旖美冻干纤维","重组Ⅲ型人源化胶原蛋白冻干纤维","山西锦波生物医药股份有限公司","国产","2021-06-28","2026-06-27","verified","已官方核验/国家政务服务平台NMPA器械查询","重组Ⅲ型人源化胶原蛋白冻干纤维","山西锦波生物医药股份有限公司","用于面部真皮组织填充以纠正额部动力性皱纹（包括眉间纹、额头纹和鱼尾纹）。","是","https://mp.weixin.qq.com/s/bge82pQPbTp_0khKEVUXaw","","no"
"missing_verified_no_entity_hint","no","有官方核验证号，但全球库未明显命中实体；多半是中国本土/细分证号，需判断是否进入全球产品线","国械注准20253132049","胶原蛋白","胶原蛋白","巨子重组I型α1冻干纤维","重组I型α1亚型胶原蛋白冻干纤维","陕西巨子生物技术有限公司","国产","2025-10-21","2030-10-20","verified","已官方核验/国家政务服务平台NMPA器械查询","重组I型α1亚型胶原蛋白冻干纤维","陕西巨子生物技术有限公司","适用于满足该产品说明书中所列条件下，用于面部真皮组织填充以纠正额部动力性皱纹，包括眉间纹、额头纹和鱼尾纹。","是","https://mp.weixin.qq.com/s/bge82pQPbTp_0khKEVUXaw","","no"
"missing_verified_no_entity_hint","no","有官方核验证号，但全球库未明显命中实体；多半是中国本土/细分证号，需判断是否进入全球产品线","国械注准20263130044","胶原蛋白","胶原蛋白","巨子重组胶原+HA复合溶液","重组I型α1亚型胶原蛋白及透明质酸钠复合溶液","陕西巨子生物技术有限公司","国产","2026-01-14","2031-01-13","verified","已官方核验/国家政务服务平台NMPA器械查询","重组I型α1亚型胶原蛋白及透明质酸钠复合溶液","陕西巨子生物技术有限公司","该产品适用于满足该产品说明书中所列条件下，用于真皮层的注射，以改善面颊部平滑度。","是","https://mp.weixin.qq.com/s/bge82pQPbTp_0khKEVUXaw","","no"
"missing_verified_no_entity_hint","no","有官方核验证号，但全球库未明显命中实体；多半是中国本土/细分证号，需判断是否进入全球产品线","国械注准20203140040","胶原蛋白","胶原蛋白","崇山胶原贴敷料","胶原贴敷料","浙江崇山生物制品有限公司","国产","2024-07-15","2030-01-14","verified","已官方核验/国家政务服务平台NMPA器械查询","胶原贴敷料","浙江崇山生物制品有限公司","用于皮肤激光术后创面修复辅助治疗，创面深度不超过真皮层，单个光斑扫描不超过2cm×2cm","是","https://mp.weixin.qq.com/s/bge82pQPbTp_0khKEVUXaw","","no"
"missing_verified_existing_entity_hint","no","有官方核验证号，且全球库可能已有相关公司/品牌；建议优先逐条匹配后补 CN-NMPA 证据","国械注许20193130003","胶原蛋白","胶原蛋白","肤力原 / FACIALGAIN","含利多卡因胶原蛋白植入剂 Sunmax FACIALGAIN","双美生物科技股份有限公司","港澳台","2023-04-13","2029-04-15","verified","已官方核验/国家政务服务平台NMPA器械查询","含利多卡因胶原蛋白植入剂Sunmax FACIALGAIN Collagen Implant with Lidocaine","双美生物科技股份有限公司","本产品用于面部真皮组织中层至深层注射以纠正鼻唇沟重力性皱纹。","是","","Fillmed / Art Filler / Art Filler with Lidocaine NMPA midface volume line / Art Filler with Lidocaine NMPA midface volume line || Fillmed / Art Filler / Art Filler with Lidocaine NMPA nasolabial-fold line / Art Filler with Lidocaine NMPA nasolabial-fold line || Fillmed / Art Filler / Art Filler with Lidocaine NMPA midface volume line","yes"
"missing_verified_existing_entity_hint","no","有官方核验证号，且全球库可能已有相关公司/品牌；建议优先逐条匹配后补 CN-NMPA 证据","国药准字S10970037","肉毒毒素","肉毒毒素","衡力","注射用A型肉毒毒素","兰州生物技术开发有限公司","国产","2012","","verified","已官方核验/国家政务服务平台NMPA药品查询","注射用A型肉毒毒素","兰州生物技术开发有限公司","","是","https://scjdglj.ordos.gov.cn/zwgk_140666/fdzdgknr/tjsj_161747/202509/t20250903_3831909.html","Advanced Aesthetic / Algeness VL (2.5% Agarose) / 琼脂糖凝胶填充剂 / 琼脂糖凝胶填充剂 || Allergan / BOTOX Cosmetic / Botulinum Toxin Type A (肉毒毒素) / Botulinum Toxin Type A (肉毒毒素) || BNC Korea / BONIVA / BONIVA / BONIVA","yes"
"already_in_global","yes","已在全球库 registration_evidence 中，无需重复导入","国药准字SJ20171003 / SJ20171004 / SJ20171005","肉毒毒素","肉毒毒素","保妥适 Botox","注射用A型肉毒毒素","Allergan Pharmaceuticals Ireland","进口","2009","","verified","已官方核验/国家政务服务平台NMPA药品查询","","","","是","https://scjdglj.ordos.gov.cn/zwgk_140666/fdzdgknr/tjsj_161747/202509/t20250903_3831909.html","","no"
"already_in_global","yes","已在全球库 registration_evidence 中，无需重复导入","国药准字S20200016","肉毒毒素","肉毒毒素","吉适 Dysport","注射用A型肉毒毒素","Ipsen Biopharm Limited","进口","2020-06-17","","verified","已官方核验/国家政务服务平台NMPA药品查询","静注人免疫球蛋白(pH4)","新疆德源生物工程有限公司","","是","https://scjdglj.ordos.gov.cn/zwgk_140666/fdzdgknr/tjsj_161747/202509/t20250903_3831909.html","","no"
"already_in_global","yes","已在全球库 registration_evidence 中，无需重复导入","国药准字SJ20200024 / SJ20210004","肉毒毒素","肉毒毒素","乐提葆 Letybo","注射用A型肉毒毒素","Hugel, Inc.","进口","2020-10","","verified","已官方核验/国家政务服务平台NMPA药品查询","","","","是","https://scjdglj.ordos.gov.cn/zwgk_140666/fdzdgknr/tjsj_161747/202509/t20250903_3831909.html","","no"
"already_in_global","yes","已在全球库 registration_evidence 中，无需重复导入","国药准字SJ20240010 / SJ20240011","肉毒毒素","肉毒毒素","西马 Xeomin","注射用A型肉毒毒素","Merz Pharmaceuticals GmbH","进口","2024-02-23","","verified","已官方核验/国家政务服务平台NMPA药品查询","","","","是","https://scjdglj.ordos.gov.cn/zwgk_140666/fdzdgknr/tjsj_161747/202509/t20250903_3831909.html","","no"
"already_in_global","yes","已在全球库 registration_evidence 中，无需重复导入","国药准字SJ20240041","肉毒毒素","肉毒毒素","达希斐 Daxxify","注射用A型肉毒毒素","Revance Therapeutics, Inc.","进口","2024-09-09","","verified","已官方核验/国家政务服务平台NMPA药品查询","","","","是","https://en.fosun.com/content/details46_5062.html","","no"
"already_in_global","yes","已在全球库 registration_evidence 中，无需重复导入","国药准字SJ20260001","肉毒毒素","肉毒毒素","HUTOX 橙毒","注射用A型肉毒毒素","Huons BioPharma Co., Ltd.","进口","2026-01-05","2031-01-04","verified","已官方核验/国家政务服务平台NMPA药品查询","","","","是","https://finance.sina.com.cn/roll/2026-01-08/doc-inhfreqm6514541.shtml","","no"
"missing_verified_existing_entity_hint","no","有官方核验证号，且全球库可能已有相关公司/品牌；建议优先逐条匹配后补 CN-NMPA 证据","国药准字S20260019","肉毒毒素","肉毒毒素","芮妥欣 Retoxin","注射用重组A型肉毒毒素","重庆誉颜制药有限公司","国产","2026-03-25","","verified","已官方核验/国家政务服务平台NMPA药品查询","注射用重组A型肉毒毒素","重庆誉颜制药有限公司","","是","https://www.ljxq.gov.cn/zwxx/ljyw/202604/t20260401_15584664.html","Allergan / BOTOX Cosmetic / Botulinum Toxin Type A (肉毒毒素) / Botulinum Toxin Type A (肉毒毒素) || BNC Korea / BONIVA / BONIVA / BONIVA || Daewoong / Nabota (Jeuveau / Nuceiva) / Botulinum Toxin / Botulinum Toxin","yes"
"missing_verified_no_entity_hint","no","有官方核验证号，但全球库未明显命中实体；多半是中国本土/细分证号，需判断是否进入全球产品线","国械注准20243092006","射频设备","射频设备","","射频皮肤治疗仪","深圳市宗匠科技有限公司","国产","2024-10-11","2029-10-10","verified","已官方核验/国家药监局NMPA器械查询","射频皮肤治疗仪","深圳市宗匠科技有限公司","本产品利用射频能量对人体组织产生的热效应，适用于Fitzpatrick II-V型皮肤的成年人暂时性改善面部的轻度皱纹。由个人用户在家庭环境自行使用。","是","https://www.nmpa.gov.cn/","","no"
"missing_verified_no_entity_hint","no","有官方核验证号，但全球库未明显命中实体；多半是中国本土/细分证号，需判断是否进入全球产品线","国械注准20243092479","射频设备","射频设备","","射频皮肤治疗仪","杭州时光机智能电子科技有限公司","国产","2024-12-13","2029-12-12","verified","已官方核验/国家药监局NMPA器械查询","射频皮肤治疗仪","杭州时光机智能电子科技有限公司","该产品利用射频能量对人体组织产生的热效应，适用于Fitzpatrick II-V型皮肤的成年人暂时性改善面部的轻度皱纹。由个人用户在家庭环境自行使用。","是","https://www.nmpa.gov.cn/","","no"
"missing_verified_no_entity_hint","no","有官方核验证号，但全球库未明显命中实体；多半是中国本土/细分证号，需判断是否进入全球产品线","国械注准20263090660","射频设备","射频设备","","射频皮肤治疗仪","上海维脉医疗科技有限公司","国产","2026-03-27","2031-03-26","verified","已官方核验/国家药监局NMPA器械查询","射频皮肤治疗仪","上海维脉医疗科技有限公司","本产品在医疗机构中，由有资质的医务人员经培训合格后使用，利用射频热效应减轻中上面部轻、中度皮肤皱纹，不可用于眼周、鼻部。","是","https://www.nmpa.gov.cn/","","no"
"missing_verified_no_entity_hint","no","有官方核验证号，但全球库未明显命中实体；多半是中国本土/细分证号，需判断是否进入全球产品线","国械注准20243092482","射频设备","射频设备","","射频皮肤治疗仪","深圳市宗匠科技有限公司","国产","2024-12-13","2029-12-12","verified","已官方核验/国家药监局NMPA器械查询","射频皮肤治疗仪","深圳市宗匠科技有限公司","本产品利用射频能量对人体组织产生的热效应，适用于Fitzpatrick II-V型皮肤的成年人暂时性改善面部的轻度皱纹。由个人用户在家庭环境自行使用。","是","https://www.nmpa.gov.cn/","","no"
"missing_verified_no_entity_hint","no","有官方核验证号，但全球库未明显命中实体；多半是中国本土/细分证号，需判断是否进入全球产品线","国械注准20243092007","射频设备","射频设备","","射频皮肤治疗仪","深圳宇石科技有限公司","国产","2024-10-11","2029-10-10","verified","已官方核验/国家药监局NMPA器械查询","射频皮肤治疗仪","深圳宇石科技有限公司","该产品利用射频能量对人体组织产生的热效应，适用于Fitzpatrick II-V型皮肤的成年人暂时性改善面部的轻度皱纹。由个人用户在家庭环境自行使用。","是","https://www.nmpa.gov.cn/","","no"
"missing_verified_no_entity_hint","no","有官方核验证号，但全球库未明显命中实体；多半是中国本土/细分证号，需判断是否进入全球产品线","国械注准20263090882","射频设备","射频设备","","射频皮肤治疗仪","四川兴泰普乐医疗科技有限公司","国产","2026-04-27","2031-04-26","verified","已官方核验/国家药监局NMPA器械查询","射频皮肤治疗仪","四川兴泰普乐医疗科技有限公司","该产品在医疗机构中，由有资质的医务人员经培训合格后使用，通过射频能量对皮肤组织产生的热效应，用于减轻面部轻、中度皮肤皱纹。","是","https://www.nmpa.gov.cn/","","no"
"missing_verified_no_entity_hint","no","有官方核验证号，但全球库未明显命中实体；多半是中国本土/细分证号，需判断是否进入全球产品线","国械注准20253091137","射频设备","射频设备","","射频皮肤治疗仪","杭州瑞彼加医疗科技有限公司","国产","2025-06-06","2030-06-05","verified","已官方核验/国家药监局NMPA器械查询","射频皮肤治疗仪","杭州瑞彼加医疗科技有限公司","本产品利用射频能量对人体组织产生的热效应，适用于Fitzpatrick II-V型皮肤的成年人暂时性改善面部的轻度皱纹。由个人用户在家庭环境自行使用。","是","https://www.nmpa.gov.cn/","","no"
"missing_verified_no_entity_hint","no","有官方核验证号，但全球库未明显命中实体；多半是中国本土/细分证号，需判断是否进入全球产品线","国械注准20253091300","射频设备","射频设备","","射频皮肤治疗仪","深圳金茉科技有限公司","国产","2025-07-04","2030-07-03","verified","已官方核验/国家药监局NMPA器械查询","射频皮肤治疗仪","深圳金茉科技有限公司","该产品利用射频能量对人体组织产生的热效应，适用于Fitzpatrick II-V型皮肤的成年人暂时性改善面部的轻度皱纹。由个人用户在家庭环境自行使用。","是","https://www.nmpa.gov.cn/","","no"
"missing_verified_no_entity_hint","no","有官方核验证号，但全球库未明显命中实体；多半是中国本土/细分证号，需判断是否进入全球产品线","国械注准20253091135","射频设备","射频设备","","射频皮肤治疗仪","热芙美（湖南）科技有限公司","国产","2025-06-06","2030-06-05","verified","已官方核验/国家药监局NMPA器械查询","射频皮肤治疗仪","热芙美（湖南）科技有限公司","本产品在医疗机构中，由有资质的医务人员经培训合格后使用，利用射频热效应减轻面部轻、中度皮肤皱纹。","是","https://www.nmpa.gov.cn/","","no"
"missing_verified_no_entity_hint","no","有官方核验证号，但全球库未明显命中实体；多半是中国本土/细分证号，需判断是否进入全球产品线","国械注准20253091163","射频设备","射频设备","","射频皮肤治疗仪","广东花至美容科技有限公司","国产","2025-06-20","2030-06-19","verified","已官方核验/国家药监局NMPA器械查询","射频皮肤治疗仪","广东花至美容科技有限公司","该产品利用射频能量对人体组织产生的热效应，适用于Fitzpatrick II-V型皮肤的成年人暂时性改善面部的轻度皱纹。由个人用户在家庭环境自行使用。","是","https://www.nmpa.gov.cn/","","no"
"missing_verified_no_entity_hint","no","有官方核验证号，但全球库未明显命中实体；多半是中国本土/细分证号，需判断是否进入全球产品线","国械注准20243092361","射频设备","射频设备","","射频皮肤治疗仪","无锡威脉通医疗科技有限公司","国产","2024-11-21","2029-11-20","verified","已官方核验/国家政务服务平台NMPA器械查询","射频皮肤治疗仪","无锡威脉通医疗科技有限公司","本产品在医疗机构中，由有资质的医务人员经培训合格后使用，利用射频热效应减轻面部轻、中度皮肤皱纹。","是","https://www.nmpa.gov.cn/","","no"
"missing_verified_no_entity_hint","no","有官方核验证号，但全球库未明显命中实体；多半是中国本土/细分证号，需判断是否进入全球产品线","国械注准20253091825","射频设备","射频设备","","射频皮肤治疗仪","普罗米修斯奇迹（深圳）医疗科技有限公司","国产","2025-09-05","2030-09-04","verified","已官方核验/国家药监局NMPA器械查询","射频皮肤治疗仪","普罗米修斯奇迹（深圳）医疗科技有限公司","该产品利用射频能量对人体组织产生的热效应，适用于Fitzpatrick II-V型皮肤的成年人暂时性改善面部的轻度皱纹。由个人用户在家庭环境自行使用。","是","https://www.nmpa.gov.cn/","","no"
"missing_verified_no_entity_hint","no","有官方核验证号，但全球库未明显命中实体；多半是中国本土/细分证号，需判断是否进入全球产品线","国械注准20253092104","射频设备","射频设备","","射频皮肤治疗仪","深圳半岛医疗集团股份有限公司","国产","2025-10-27","2030-10-26","verified","已官方核验/国家药监局NMPA器械查询","射频皮肤治疗仪","深圳半岛医疗集团股份有限公司","该产品在医疗机构中使用，通过射频能量对皮肤组织产生的热效应，用于面部皮肤萎缩性痤疮瘢痕的治疗。","是","https://www.nmpa.gov.cn/","","no"
"missing_verified_no_entity_hint","no","有官方核验证号，但全球库未明显命中实体；多半是中国本土/细分证号，需判断是否进入全球产品线","国械注准20263090453","射频设备","射频设备","","射频皮肤治疗仪","广东雅思电子有限公司","国产","2026-03-03","2031-03-02","verified","已官方核验/国家药监局NMPA器械查询","射频皮肤治疗仪","广东雅思电子有限公司","该产品利用射频能量对人体组织产生的热效应，适用于Fitzpatrick II-V型皮肤的成年人暂时性改善面部的轻度皱纹。由个人用户在家庭环境自行使用。","是","https://www.nmpa.gov.cn/","","no"
"missing_verified_no_entity_hint","no","有官方核验证号，但全球库未明显命中实体；多半是中国本土/细分证号，需判断是否进入全球产品线","国械注进20253090264","射频设备","射频设备","","射频皮肤治疗仪","雅萌株式会社ヤーマン株式会社","进口","2025-06-20","2030-06-19","verified","已官方核验/国家政务服务平台NMPA器械查询","射频皮肤治疗仪","雅萌株式会社ヤーマン株式会社","本产品利用射频能量对人体组织产生的热效应，适用于Fitzpatrick II-V型皮肤的成年人暂时性改善面部的轻度皱纹。由个人用户在家庭环境自行使用。","是","https://www.nmpa.gov.cn/","","no"
"missing_verified_no_entity_hint","no","有官方核验证号，但全球库未明显命中实体；多半是中国本土/细分证号，需判断是否进入全球产品线","国械注准20223090571","射频塑形设备","射频塑形设备","","射频治疗仪","深圳半岛医疗集团股份有限公司","国产","2022-04-29","2027-04-28","verified","已官方核验/国家药监局NMPA器械查询","射频治疗仪","深圳半岛医疗集团股份有限公司","该产品在医疗机构使用，用于在吸脂手术前利用射频能量对脂肪进行软化以辅助后续吸脂过程，适用于身体躯干及四肢近端部位。产品不可连接负压设备用于吸脂。必须由有资质的专业医师使用，使用时需配合无菌水基耦合剂。","是","https://www.nmpa.gov.cn/","","no"
"missing_verified_no_entity_hint","no","有官方核验证号，但全球库未明显命中实体；多半是中国本土/细分证号，需判断是否进入全球产品线","国械注准20263010880","超声设备","超声设备","","聚焦超声皮肤治疗仪","深圳普门科技股份有限公司","国产","2026-04-27","2031-04-26","verified","已官方核验/国家药监局NMPA器械查询","聚焦超声皮肤治疗仪","深圳普门科技股份有限公司","产品在医疗机构中使用，利用聚焦超声热效应作用于皮下组织，用于改善中下面部和颏下、颈部的皮肤松弛。不可用于眼及眼周、鼻部、口周、耳廓、甲状腺及颈动脉区域。产品须由具有相应资质的专业医师使用，治疗前须使用皮肤超声诊断设备对皮下组织进行测量，以确定所适合的治疗深度。","是","https://www.nmpa.gov.cn/","","no"
"missing_verified_no_entity_hint","no","有官方核验证号，但全球库未明显命中实体；多半是中国本土/细分证号，需判断是否进入全球产品线","国械注准20253092193","超声设备","超声设备","","聚焦超声皮肤治疗仪","深圳半岛医疗集团股份有限公司","国产","2025-10-30","2030-10-29","verified","已官方核验/国家政务服务平台NMPA器械查询","聚焦超声皮肤治疗仪","深圳半岛医疗集团股份有限公司","产品在医疗机构中使用，利用聚焦超声热效应作用于皮下组织，用于改善中下面部和颏下、颈部的皮肤松弛。不可用于眼及眼周、鼻部、口周、耳廓、甲状腺及颈动脉区域。产品须由具有相应资质的专业医师使用，治疗前须使用皮肤超声诊断设备对皮下组织进行测量，以确定所适合的治疗深度。","是","https://www.nmpa.gov.cn/","","no"
"missing_verified_existing_entity_hint","no","有官方核验证号，且全球库可能已有相关公司/品牌；建议优先逐条匹配后补 CN-NMPA 证据","国械注准20253092690","激光/IPL设备","激光/IPL设备","","Nd:YAG皮秒激光治疗仪","南京麦澜德医疗科技股份有限公司","国产","2025-12-29","2030-12-28","verified","已官方核验/国家药监局NMPA器械查询","Nd:YAG皮秒激光治疗仪","南京麦澜德医疗科技股份有限公司","在医疗机构中使用，1064nm激光用于祛除蓝色和黑色文身的治疗。","是","https://www.nmpa.gov.cn/","Alvi Prague / TL-700 / Pico-Light / 皮秒/调Q激光 / 皮秒/调Q激光","yes"
"already_in_global","yes","已在全球库 registration_evidence 中，无需重复导入","国械注进20253130037","琼脂糖","琼脂糖","Algeness VL","琼脂糖面部注射填充剂ALGENESS VL","集美生股份有限公司GHIMAS S.p.A.","进口","2025-01-20","2030-01-19","verified","已官方核验/国家政务服务平台NMPA器械查询","琼脂糖面部注射填充剂ALGENESS VL","集美生股份有限公司GHIMAS S.p.A.","该产品适用于面部鼻唇沟部位骨膜表面注射以纠正中重度鼻唇沟皱纹。","是","https://www.bioray-med.com/hyrd/337.html","","no"
"already_in_global","yes","已在全球库 registration_evidence 中，无需重复导入","国械注进20153092408","热玛吉类/单极射频设备","热玛吉类/单极射频设备","Thermage CPT","射频治疗仪Thermage CPT System","索塔医疗有限公司Solta Medical, Inc.","进口","2023-03-27","2029-12-25","verified","已官方核验/国家政务服务平台NMPA器械查询","射频治疗仪Thermage CPT System","索塔医疗有限公司Solta Medical, Inc.","用于对身体、面部及眼周皱纹的非侵入性治疗。","是","https://bydrug.pharmcube.com/detailpage/deviceCNImported/2be6afa9232f85ea9fe915d23edc22e1","","no"
"provincial_or_unsupported","no","省级/二类或 UDI 线索：不直接进全球主库，除非你确认该类纳入口径","皖械注准20232140175","ECM/细胞外基质材料","ECM/细胞外基质材料","","","","国产","","","unsupported_certificate_type","省级器械待省局核验","","","","否","https://mp.weixin.qq.com/s?__biz=MzkwODI3MTcxMg%3D%3D&chksm=c0cdc65ef7ba4f488dcbb092b11fe4decec0f19fbe421a8ea3e136fa867e4ba1b64b9cc0d00b&idx=1&mid=2247487313&scene=0&sn=50c9ddf34505a8f41db01142ed35d12b&xtrack=1","","no"
"missing_verified_no_entity_hint","no","有官方核验证号，但全球库未明显命中实体；多半是中国本土/细分证号，需判断是否进入全球产品线","国药准字H20254519","溶脂注射/去氧胆酸","溶脂注射/去氧胆酸","蓉芷","去氧胆酸注射液","南京迈诺威医药科技有限公司","国产","2025-06-10","","verified","已官方核验/国家政务服务平台NMPA药品查询","去氧胆酸注射液","南京迈诺威医药科技有限公司","用于改善成人因颏下脂肪堆积导致的中至重度轮廓凸出或过度丰满（双下巴）。","是","https://mp.weixin.qq.com/s/6_gF__DaCgXu4v1nnNt4YQ","","no"
"missing_verified_no_entity_hint","no","有官方核验证号，但全球库未明显命中实体；多半是中国本土/细分证号，需判断是否进入全球产品线","国械注准20253092173","激光/IPL设备","超声设备","曼迪森半导体激光","半导体激光治疗机","上海曼迪森光电有限公司","国产","2025-10-30","2030-10-29","verified","已官方核验/国家政务服务平台NMPA器械查询","半导体激光治疗机","上海曼迪森光电有限公司","该产品在医疗机构中使用，用于暂时缓解肌肉与关节轻微疼痛。","否","https://mp.weixin.qq.com/s/5Iiq5Z5ffKb3_SA-ZNRI8A","","no"
"provincial_or_unsupported","no","省级/二类或 UDI 线索：不直接进全球主库，除非你确认该类纳入口径","湘械注准20212090940","超声设备","超声设备","","","","国产","","","unsupported_certificate_type","省级器械待省局核验","","","","否","https://mp.weixin.qq.com/s/d7aVo63wpUTiqjZ5TBTnXQ","","no"
"provincial_or_unsupported","no","省级/二类或 UDI 线索：不直接进全球主库，除非你确认该类纳入口径","湘械注准20222090919","超声设备","超声设备","","","","国产","","","unsupported_certificate_type","省级器械待省局核验","","","","否","https://mp.weixin.qq.com/s/d7aVo63wpUTiqjZ5TBTnXQ","","no"
"provincial_or_unsupported","no","省级/二类或 UDI 线索：不直接进全球主库，除非你确认该类纳入口径","晋械注准20232090046","超声设备","超声设备","","","","国产","","","unsupported_certificate_type","省级器械待省局核验","","","","否","https://mp.weixin.qq.com/s/d7aVo63wpUTiqjZ5TBTnXQ","","no"
"provincial_or_unsupported","no","省级/二类或 UDI 线索：不直接进全球主库，除非你确认该类纳入口径","湘械注准20232090277","超声设备","超声设备","","","","国产","","","unsupported_certificate_type","省级器械待省局核验","","","","否","https://mp.weixin.qq.com/s/d7aVo63wpUTiqjZ5TBTnXQ","","no"
"already_in_global","yes","已在全球库 registration_evidence 中，无需重复导入","国械注进20143095670","微针/射频微针设备","微针/射频微针设备","Jeisys INTRAcel 5D","射频微针治疗仪Electrosurgical Unit","杰希思医疗公司Jeisys Medical Inc.","进口","2023-04-07","2029-10-21","verified","已官方核验/国家政务服务平台NMPA器械查询","射频微针治疗仪Electrosurgical Unit","杰希思医疗公司Jeisys Medical Inc.","产品在医疗机构使用，与本公司射频微针电极（型号：INTRAcel Tip1011）配合使用，产品用于治疗皮肤萎缩性瘢痕。（应由具有相应资质的专业医护人员使用，严格参照使用说明书中的治疗流程和注意事项，3档以上输出模式需慎用）","是","https://mp.weixin.qq.com/s/HRrWTy9nG1QG8ajO7zCh4A","","no"
"not_found_hold","no","暂不入库：registration 项目也标记官方未查到/需复核","国械注进20183251955","微针/射频微针设备","微针/射频微针设备","EndyMed 3D","相控射频微针设备","EndyMed Medical Ltd.","进口","","","not_found","官方未查到/需复核","","","","否","https://mp.weixin.qq.com/s/HRrWTy9nG1QG8ajO7zCh4A","EndyMed Medical / EndyMed / EndyMed PRO / Pure / EndyMed PRO / Pure || EndyMed Medical / EndyMed / Intensif / Intensif || EndyMed Medical / NEWA / NEWA Classic / Plus / NEWA Classic / Plus","yes"
"provincial_or_unsupported","no","省级/二类或 UDI 线索：不直接进全球主库，除非你确认该类纳入口径","粤械注准20182010997","微针/射频微针设备","微针/射频微针设备","半岛黄金微针第四代","黄金微针设备","半岛医疗相关主体","国产","","","unsupported_certificate_type","省级器械待省局核验","","","","否","https://mp.weixin.qq.com/s/HRrWTy9nG1QG8ajO7zCh4A","","no"
"not_found_hold","no","暂不入库：registration 项目也标记官方未查到/需复核","国械注进20163090059","微针/射频微针设备","微针/射频微针设备","Lutronic INFINI","射频微针治疗仪","Lutronic Corporation","进口","","","not_found","官方未查到/需复核","","","","否","https://mp.weixin.qq.com/s/HRrWTy9nG1QG8ajO7zCh4A","Lutronic / Cynosure Lutronic / Lutronic / LaseMD Ultra / LaseMD Ultra || Lutronic / Cynosure Lutronic / Lutronic / Genius / Genius || Lutronic / Cynosure Lutronic / Lutronic / Hollywood Spectra / Hollywood Spectra","yes"
