matched,seed_record_id,product_id,company,brand,standard_product_name,registered_name,commercial_path_l1,commercial_path_l2,technology_path_l1,technology_path_l2,material_or_energy_source,legal_manufacturer,manufactured_by,marketing_holder,inclusion_status,verification_status,source_status
carboxy,REC_0103,prod_e82970bd0f01,A.A.M.S.,Carboxy-Pen,Carboxytherapy Devices,,EBD,Laser,CO2 Laser,,CO2 Laser,A.A.M.S.,,A.A.M.S.,active,official_product_and_spec_cross_checked,"seed_from_workbook, official_product_document, official_product_page, official_spec_candidate"
carboxy|concerto,REC_0126,prod_2f91ca9586c5,A.A.M.S.,Concerto,Mesogun,,Injectables,Mesotherapy,Mesotherapy,,Mesotherapy,A.A.M.S.,,A.A.M.S.,active,official_product_and_spec_cross_checked,"seed_from_workbook, official_product_document, official_product_page, official_spec_candidate"
ultim,REC_0720,prod_1121b71a86b2,A.A.M.S.,Ultim,Mesogun,,Injectables,Mesotherapy,Mesotherapy,,Mesotherapy,A.A.M.S.,,A.A.M.S.,active,official_product_and_spec_cross_checked,"seed_from_workbook, official_product_document, official_product_page, official_spec_candidate"
meso-xanthin,REC_0449,prod_af609a9607d3,ABG Lab LLC,Meso-Xanthin F199™,Anti-Aging & Regeneration,Meso-Xanthin F199,Injectables,Skin Booster,Hyaluronic Acid,,Hyaluronic Acid,ABG Lab LLC,ABG Lab LLC,ABG Lab LLC,active,official_document_cross_checked,"seed_from_workbook, official_product_document, official_product_page, official_evidence_promoted"
varioderm,REC_0321,prod_8db21b484a1e,Adoderm,Hyabell,HA Dermal Fillers,HA Dermal Fillers,Injectables,Dermal Filler,Hyaluronic Acid,,Hyaluronic Acid,Adoderm,,Adoderm,active,official_evidence_promoted,"official_company_certificate, official_product_document, official_product_page, official_spec_candidate"
varioderm|touch my skin|tms,REC_0707,prod_5a01421eb21a,Adoderm,Touch My Skin (TMS) / Varioderm Mesolift,Skin Boosters,,Injectables,Dermal Filler,Hyaluronic Acid,,Hyaluronic Acid,Adoderm,,Adoderm,active,official_document_cross_checked,"seed_from_workbook, official_product_document, official_product_page"
varioderm,REC_0734,prod_7703e44c0da3,Adoderm,Varioderm,HA Dermal Fillers,,Injectables,Dermal Filler,Hyaluronic Acid,,Hyaluronic Acid,Adoderm,,Adoderm,active,official_product_and_spec_cross_checked,"seed_from_workbook, official_product_document, official_product_page, official_spec_candidate"
ultim,REC_0779,prod_dd424a139094,Advance Esthetic,Zemits,综合面部护理工作站,,EBD,HIFU,LIPUS,,LIPUS,Advance Esthetic,,Advance Esthetic,active,official_product_and_spec_cross_checked,"seed_from_workbook, official_product_document, official_product_page, official_spec_candidate"
ultim,REC_0780,prod_d8b69c2fb403,Advance Esthetic,Zemits,氢氧/小气泡清洁,,EBD,Skin Management,Hydrodermabrasion / Oxygen Infusion,,Hydrodermabrasion / Oxygen Infusion,Advance Esthetic,,Advance Esthetic,active,official_product_and_spec_cross_checked,"seed_from_workbook, official_product_document, official_product_page, official_spec_candidate"
ultim,REC_0781,prod_0c8783cfa832,Advance Esthetic,Zemits,身体塑形,,EBD,Radiofrequency,LIPUS,,LIPUS,Advance Esthetic,,Advance Esthetic,active,official_product_and_spec_cross_checked,"seed_from_workbook, official_product_document, official_product_page, official_spec_candidate"
ultim,REC_0782,prod_0503a52bd021,Advance Esthetic,Zemits,冷冻溶脂/紧致,,EBD,Cryotherapy,Cryolipolysis,,Cryolipolysis,Advance Esthetic,,Advance Esthetic,active,official_product_and_spec_cross_checked,"seed_from_workbook, official_product_document, official_product_page, official_spec_candidate"
ultim,REC_0480,prod_4832bea100ce,Aerolase,Neo Elite,1064nm Nd:YAG 激光,"MODEL FAMILY OF AEROLASE ND:YAG LASERS: FRIENDLYLIGHT ND: YAG LASERS, FRIENDLYLIGHT NEO, LIGHTPOD ND: YAG LASERS, LIGHTP",EBD,Laser,Nd:YAG Laser,,Nd:YAG Laser,Aerolase,,Aerolase,active,official_product_and_spec_cross_checked,"seed_from_workbook, official_product_document, official_product_page, official_spec_candidate, official_evidence_promoted"
botox,REC_0094,prod_5c8b3a5a2cc4,Allergan,BOTOX Cosmetic,Botulinum Toxin Type A (肉毒毒素),BOTOX Cosmetic (onabotulinumtoxinA),Injectables,Neurotoxin,Botulinum Toxin A,,Botulinum Toxin A,Allergan,,Allergan,active,official_product_and_spec_cross_checked,"seed_from_workbook, official_product_document, official_product_page, official_spec_candidate, official_evidence_promoted"
kybella|belkyra,REC_0387,prod_739853cc57c1,Allergan,Kybella / Belkyra,Deoxycholic Acid (脱氧胆酸),KYBELLA (deoxycholic acid) injection,Injectables,Lipolytic,Deoxycholic Acid,,Deoxycholic Acid,Allergan,,Allergan,active,official_product_and_spec_cross_checked,"seed_from_workbook, official_product_document, official_product_page, official_spec_candidate, official_evidence_promoted"
hydrafacial,REC_0800,prod_2f21fb385a5e,Allergan,DiamondGlow,Dermal Infusion System,,EBD,Skin Management,Hydrafacial,Hydrafacial,Hydrafacial,Allergan,,Allergan,active,official_product_and_spec_cross_checked,"seed_from_workbook, official_product_document, official_product_page, official_spec_candidate"
alma ted,REC_0029,prod_010fb5238182,Alma Lasers,Alma TED,声波生发系统,,EBD,HIFU,LIPUS,,LIPUS,Alma Lasers,,Alma Lasers,active,official_document_cross_checked,"seed_from_workbook, official_product_document, official_product_page"
api,REC_0847,prod_fe1881c6377d,Alma Lasers,Alma Hybrid,CO2 + Non-Ablative Dual Laser,The Alma Hybrid Laser System,EBD,Laser,CO2 Laser,CO2,CO2 Laser,Alma Lasers,,Alma Lasers,active,official_evidence_promoted,"official_fda_api, official_fda_document, official_product_document, official_product_page, official_spec_candidate"
alma ted,REC_0848,prod_f7018e98cc02,Alma Lasers,Alma TED,Trans-Epidermal Drug Delivery,,EBD,Other EBD,Ultrasound,Ultrasound,Ultrasound,Alma Lasers,,Alma Lasers,active,official_document_cross_checked,"seed_from_workbook, official_product_document, official_product_page"
hydrafacial,REC_0851,prod_29134424e03e,Alma Lasers,DermaClear,Hydradermabrasion System,,EBD,Skin Management,Hydrafacial,Hydrafacial,Hydrafacial,Alma Lasers,,Alma Lasers,active,official_product_and_spec_cross_checked,"seed_from_workbook, official_product_document, official_product_page, official_spec_candidate"
dermastir,REC_0178,prod_1c6fc6f4ac97,Alta Care,Dermastir 16 EBF / 32 EBF,皮肤动能素/水光针,Dermastir 16 EBF / 32 EBF,Injectables,Skin Booster,Hyaluronic Acid,,Hyaluronic Acid,Alta Care,Alta Care,Alta Care,active,official_product_and_spec_cross_checked,"seed_from_workbook, official_product_document, official_product_page, official_spec_candidate, official_evidence_promoted"
dermastir|h53egf,REC_0179,prod_ba1adfad2a97,Alta Care,Dermastir H53EGF,头皮注射液,,Injectables,Skin Booster,Hyaluronic Acid,,Hyaluronic Acid,Alta Care,,Alta Care,active,official_product_and_spec_cross_checked,"seed_from_workbook, official_product_document, official_product_page, official_spec_candidate"
dermastir,REC_0180,prod_cb55e88bc4b4,Alta Care,Dermastir Luxury,真空保鲜护肤品,,Skincare,Cosmeceutical,Cosmeceutical,,Cosmeceutical,Alta Care,,Alta Care,active,official_document_cross_checked,"seed_from_workbook, official_product_document, official_product_page"
carboxy|venusian,REC_0745,prod_58d04fb61007,APS,Venusian CO2 Therapy,Carboxytherapy (卡波西/二氧化碳疗法),,EBD,Laser,Collagen,,Collagen,APS,,APS,active,official_product_and_spec_cross_checked,"seed_from_workbook, official_product_document, official_product_page, official_spec_candidate"
api,REC_0606,prod_49423946c0eb,Apyx Medical,Renuvion (J-Plasma),氦气等离子 (Helium Plasma),"Apyx Helium Plasma Generator (APYX-200H/P, APYX-JS3/RS3)",EBD,Plasma,Plasma,,Plasma,Apyx Medical,,Apyx Medical,active,official_evidence_promoted,"official_company_ifu, official_fda_api, official_product_document, official_product_page, official_spec_candidate"
api,REC_0936,prod_49c434eaf508,Apyx Medical,Renuvion,Renuvion APR,Renuvion/J-Plasma Precise Handpiece,EBD,Plasma,Helium Plasma + RF,Helium Plasma + RF,Helium Plasma + RF,Apyx Medical,Apyx Medical,Apyx Medical,active,official_evidence_promoted,"official_fda_api, official_product_document, official_product_page"
api,REC_0937,prod_f578f6aa7bf5,Apyx Medical,J-Plasma,J-Plasma,J-Plasma Precise FLEX Handpiece,EBD,Plasma,Helium Plasma + RF,Cold Atmospheric Plasma,Helium Plasma + RF,Apyx Medical,Apyx Medical,Apyx Medical,active,official_evidence_promoted,"official_fda_api, official_product_document, official_product_page"
api,REC_0939,prod_89a443ecc902,Apyx Medical,AYON,AYON Body Contouring System,AYON Body Contouring System (AYON SYSTEM),EBD,Plasma,Multi-Modality,Plasma + Liposuction + Power Liposuction,Multi-Modality,Apyx Medical,,Apyx Medical,active,official_evidence_promoted,"official_company_ifu, official_fda_api, official_product_document, official_product_page, official_spec_candidate"
aquagold,REC_0043,prod_88c99020df94,Aquavit Pharmaceuticals,Aquagold Ampoules,医用级安瓶,,Skincare,Cosmeceutical,Growth Factor / Peptide Ampoule,,Growth Factor / Peptide Ampoule,Aquavit Pharmaceuticals,,Aquavit Pharmaceuticals,active,official_document_cross_checked,"seed_from_workbook, official_product_document, official_product_page"
microchannel|aquagold,REC_0044,prod_18999689defb,Aquavit Pharmaceuticals,Aquagold Fine Touch,微通道注射装置,,Consumables,Injection Devices,Microchannel Injection Device,,Microchannel Injection Device,Aquavit Pharmaceuticals,,Aquavit Pharmaceuticals,active,official_document_cross_checked,"seed_from_workbook, official_product_document, official_product_page"
microchannel|aquagold,REC_0453,prod_2cbeab4fe2ad,Aquavit Pharmaceuticals,Microchannel Technology,药物输送技术,,Regenerative,Biotech,Microchannel Drug Delivery,,Microchannel Drug Delivery,Aquavit Pharmaceuticals,,Aquavit Pharmaceuticals,active,official_product_and_spec_cross_checked,"seed_from_workbook, official_product_document, official_product_page, official_spec_candidate"
api,REC_0060,prod_b7b2526b8eda,Arkana Cosmetics,AzAc Solution,复合酸治疗,,Skincare,Cosmeceutical,Cosmeceutical,,Cosmeceutical,Arkana Cosmetics,,Arkana Cosmetics,active,official_product_and_spec_cross_checked,"seed_from_workbook, official_product_document, official_product_page, official_spec_candidate"
api,REC_0902,prod_235ebd4ddb77,Asclepion,MeDioStar,810+940nm Diode Hair Removal,MeDioStar,EBD,Laser,Diode Laser,Diode,Diode Laser,Asclepion,,Asclepion,active,official_evidence_promoted,"official_fda_api, official_product_document, official_product_page, official_spec_candidate"
api,REC_0903,prod_29c24bf3cc1d,Asclepion,Dermablate,Er:YAG 2940nm Fractional,DERMABLATE EFFECT,EBD,Laser,Er:YAG Laser 2940nm,Er:YAG,Er:YAG Laser 2940nm,Asclepion Laser Technologies,Asclepion Laser Technologies,Asclepion,active,official_evidence_promoted,"official_fda_api, official_product_document, official_product_page, official_spec_candidate"
api,REC_0904,prod_0891962ae1ce,Asclepion,PicoStar,Ultra-Short Picosecond,PicoStar,EBD,Laser,Picosecond Laser,Pico,Picosecond Laser,Asclepion,,Asclepion,active,official_evidence_promoted,"official_fda_api, official_product_document, official_product_page, official_spec_candidate"
api,REC_0545,prod_7f89df3deeda,Asclepion Laser,PicoStar,皮秒激光,PicoStar,EBD,Laser,Picosecond Laser,,Picosecond Laser,Asclepion Laser,,Asclepion Laser,active,official_evidence_promoted,"official_fda_api, official_product_document, official_product_page, official_spec_candidate"
hydrafacial,REC_0333,prod_803e14decc4a,Beauty Health,HydraFacial Boosters,联名加强剂 (Boosters),,Skincare,Professional,Topical Booster Serum,,Topical Booster Serum,Beauty Health,,Beauty Health,active,official_document_cross_checked,"seed_from_workbook, official_product_document, official_product_page"
hydrafacial,REC_0334,prod_061f5eef5ccc,Beauty Health,HydraFacial Syndeo / Elite,水光/清洁/皮肤管理,水光/清洁/皮肤管理,EBD,Skin Management,Hydrafacial,Hydradermabrasion (海菲秀),Hydrafacial,Beauty Health,,Beauty Health,active,official_evidence_promoted,"official_company_ifu, official_product_document, official_product_page, official_spec_candidate"
keravive,REC_0381,prod_7876b0099060,Beauty Health,Keravive,专用头皮护理 (Scalp Health),,Injectables,Skin Booster,Hyaluronic Acid,,Hyaluronic Acid,Beauty Health,,Beauty Health,active,official_document_cross_checked,"seed_from_workbook, official_product_document, official_product_page"
hydrafacial,REC_0956,prod_21a544b333d3,Beauty Health,HydraFacial,HydraFacial Syndeo,HydraFacial Syndeo,EBD,Platform,Aqua Dermabrasion,Vortex-Fusion Technology,Aqua Dermabrasion,Beauty Health,,Beauty Health,active,official_evidence_promoted,"official_company_ifu, official_product_document, official_product_page, official_spec_candidate"
hydrafacial|keravive,REC_0957,prod_d9e810b63c3f,Beauty Health,HydraFacial,HydraFacial Keravive,HydraFacial Keravive,EBD,LED/Light Therapy,LED Therapy,LED Light Therapy,LED Therapy,Beauty Health,,Beauty Health,active,official_evidence_promoted,"official_company_ifu, official_product_document, official_product_page"
hydrafacial,REC_0958,prod_bbf4db0a2efe,Beauty Health,HydraFacial,HydraFacial Boosters,,Skincare,Cosmeceutical,Boosters,Treatment Boosters,Boosters,Beauty Health,,Beauty Health,active,official_document_cross_checked,"seed_from_workbook, official_product_document, official_product_page"
benev,REC_0070,prod_c22989b2f2ee,Benev,Benev Exosome (ERC / ERC+),Lyophilized Exosomes,,Injectables,Dermal Filler,Collagen,,Collagen,Benev,,Benev,active,official_product_and_spec_cross_checked,"seed_from_workbook, official_product_document, official_product_page, official_spec_candidate"
benev,REC_0071,prod_efeb75b92560,Benev,Benev GF Series (GF-DNA),Growth Factors,,Injectables,Skin Booster,Hyaluronic Acid,,Hyaluronic Acid,Benev,,Benev,active,official_product_and_spec_cross_checked,"seed_from_workbook, official_product_document, official_product_page, official_spec_candidate"
benev,REC_0667,prod_03ea16aa60a0,Benev,Smart Peels,Modified Acid System,,Skincare,Chemical Peel,Chemical Peel,,Chemical Peel,Benev,,Benev,active,official_document_cross_checked,"seed_from_workbook, official_product_document, official_product_page"
amino-jal|jalucomplex,REC_0032,prod_d65d153564df,BioFormula,AMINO-JAL / JALUCOMPLEX,Mesotherapy Solution,,Injectables,Dermal Filler,Hyaluronic Acid,,Hyaluronic Acid,BioFormula,,BioFormula,active,official_document_cross_checked,"seed_from_workbook, official_product_document, official_product_page"
api,REC_0163,prod_d5b2f27e12d5,BioPlus,DeneB,Body Filler,Body Filler,Injectables,Dermal Filler,Hyaluronic Acid,,Hyaluronic Acid,"BioPlus Co., Ltd.","BioPlus Co., Ltd.",BioPlus,active,official_evidence_promoted,"official_eudamed, official_product_document, official_product_page, official_spec_candidate"
hyaldew,REC_0328,prod_92f8a1e94062,BioPlus,HyalDew,HA Dermal Filler,,Injectables,Dermal Filler,Hyaluronic Acid,,Hyaluronic Acid,BioPlus,,BioPlus,active,official_document_cross_checked,"seed_from_workbook, official_product_document, official_product_page"
skinplus,REC_0663,prod_84777f8a86ec,BioPlus,SkinPlus-Hyal,HA Dermal Filler,,Injectables,Dermal Filler,Hyaluronic Acid,,Hyaluronic Acid,BioPlus,,BioPlus,active,official_document_cross_checked,"seed_from_workbook, official_product_document, official_product_page"
api,REC_0967,prod_4ae5a7c8f961,BioPlus,ACROSS,ACROSS,TOTAL ACROSS,Injectables,Dermal Filler,Hyaluronic Acid,Cross-linked HA,Hyaluronic Acid,BioPlus,,BioPlus,active,official_evidence_promoted,"official_fda_api, official_product_document, official_product_page, official_spec_candidate"
rejuran,REC_0968,prod_4efdfa479c82,BioPlus,Kiara Reju,Kiara Reju,,Injectables,Skin Booster,PDRN + Hyaluronic Acid,PDRN / HA skin booster,PDRN + Hyaluronic Acid,"BioPlus Co., Ltd.","BioPlus Co., Ltd.",BioPlus,active,official_document_cross_checked,"official_company_fact_override, official_product_document, official_product_page"
hydrafacial,REC_0605,prod_81dc370a45cf,Biotec,Renova,Facial Platform,,EBD,Radiofrequency,Mesotherapy,,Mesotherapy,Biotec,,Biotec,active,official_document_cross_checked,"seed_from_workbook, official_product_document, official_product_page"
api,REC_0445,prod_845dd1dc50ba,Biotekne,Meso-relle,Mesotherapy Needles,,Injectables,Mesotherapy,Mesotherapy,,Mesotherapy,Biotekne,,Biotekne,active,official_product_and_spec_cross_checked,"seed_from_workbook, official_product_document, official_product_page, official_spec_candidate"
ultim,REC_0086,prod_67608c04e0b3,Bio-Therapeutic,Bio-Ultimate Platinum,Microcurrent,,EBD,Other EBD,Microcurrent,,Microcurrent,Bio-Therapeutic,,Bio-Therapeutic,active,official_product_and_spec_cross_checked,"seed_from_workbook, official_product_document, official_product_page, official_spec_candidate"
bontempi|b.a.f.f.i|baffi,REC_0090,prod_edf297e7fbd6,BMED,Bontempi,B.A.F.F.I. Kit,,Injectables,Dermal Filler,Fat Grafting / Lipofilling,Fat Grafting / Lipofilling,Fat Grafting / Lipofilling,BMED,,BMED,active,official_document_cross_checked,"seed_from_workbook, official_product_document, official_product_page"
bontempi|supercut,REC_0091,prod_0113087be616,BMED,Bontempi,Supercut Scissors,,Surgical,Surgical Tools,Plastic Surgery Tools,Plastic Surgery Tools,Plastic Surgery Tools,BMED,,BMED,active,official_product_and_spec_cross_checked,"seed_from_workbook, official_product_document, official_product_page, official_spec_candidate"
bontempi|rhinoplasty,REC_0092,prod_d97390c51cd5,BMED,Bontempi,Rhinoplasty Instruments,,Surgical,Surgical Tools,Rhinoplasty Set,Rhinoplasty Set,Rhinoplasty Set,BMED,,BMED,active,official_product_and_spec_cross_checked,"seed_from_workbook, official_product_document, official_product_page, official_spec_candidate"
boniva,REC_0973,prod_c013792ba2b5,BNC Korea,BONIVA,BONIVA,,Injectables,Neurotoxin,Botulinum Toxin A,Botulinum Toxin A,Botulinum Toxin A,BNC Korea,,BNC Korea,active,official_document_cross_checked,"seed_from_workbook, official_product_document, official_product_page"
boniva,REC_0974,prod_26725a451fd7,BNC Korea,BONIVA FILLER,BONIVA Filler,,Injectables,Dermal Filler,Hyaluronic Acid,Hyaluronic Acid,Hyaluronic Acid,BNC Korea,,BNC Korea,active,official_document_cross_checked,"seed_from_workbook, official_product_document, official_product_page"
rejuran,REC_0319,prod_d9c1ddea77c1,BR Pharm,HP Cell Vitaran,PDRN / PN Injection,HP Cell Vitaran,Injectables,Skin Booster,Polynucleotide,,Polynucleotide,BR Pharm,,BR Pharm,active,official_product_and_spec_cross_checked,"seed_from_workbook, official_product_document, official_product_page, official_spec_candidate, official_evidence_promoted"
ultim,REC_0138,prod_36e5518f310f,Brymill,Cry-Ac® / Cry-Ac®-3,Cryosurgery,,EBD,Cryotherapy,Cryotherapy,,Cryotherapy,Brymill,,Brymill,active,official_product_and_spec_cross_checked,"seed_from_workbook, official_product_document, official_product_page, official_spec_candidate"
ultim,REC_0139,prod_74e62b2df37d,Brymill,Cry-Baby®,Mini Cryo,,EBD,Cryotherapy,Cryotherapy,,Cryotherapy,Brymill,,Brymill,active,official_product_and_spec_cross_checked,"seed_from_workbook, official_product_document, official_product_page, official_spec_candidate"
api,REC_0858,prod_14411b4c02ed,Candela,CO2RE,CO2 Fractional Laser,CO2RE System,EBD,Laser,CO2 Laser,CO2,CO2 Laser,Candela,,Candela,active,official_evidence_promoted,"official_fda_api, official_product_document, official_product_page, official_spec_candidate"
hydrafacial,REC_0865,prod_40519e61ef99,Candela,Glacē,Hydro-Dermabrasion + LED,,EBD,LED/Light Therapy,Hydrafacial,Hydrafacial,Hydrafacial,Candela,,Candela,active,official_product_and_spec_cross_checked,"seed_from_workbook, official_product_document, official_product_page, official_spec_candidate"
aquashine,REC_0166,prod_f72f3e4d0e72,Caregen,Dermaheal / Aquashine,Skin Booster / Meso,,Injectables,Dermal Filler,Hyaluronic Acid,,Hyaluronic Acid,Caregen,,Caregen,active,official_product_and_spec_cross_checked,"seed_from_workbook, official_product_document, official_product_page, official_spec_candidate"
aquashine,REC_0932,prod_8e5a747e9769,Caregen,Aquashine,Aquashine,,Injectables,Dermal Filler,Hyaluronic Acid,Peptide-enriched HA,Hyaluronic Acid,Caregen,,Caregen,active,unverified_seed,seed_from_workbook
vom,REC_0759,prod_2458c93e680b,Chaeum Pharma,VOM / VOM O/M/V,HA Filler,,EBD,Radiofrequency,Hyaluronic Acid,,Hyaluronic Acid,Chaeum Pharma,,Chaeum Pharma,active,official_product_and_spec_cross_checked,"seed_from_workbook, official_product_document, official_product_page, official_spec_candidate"
api,REC_0633,prod_dc6dcb5198b0,Classys,Scizer,Body HIFU,SCIZER (SC1-M410),EBD,HIFU,HIFU,,HIFU,Classys,,Classys,active,official_evidence_promoted,"official_fda_api, official_product_document, official_product_page, official_spec_candidate"
api,REC_0757,prod_d0deae9fe331,Classys,Volnewmer,Monopolar RF,Volnewmer,EBD,Radiofrequency,Monopolar RF,,Monopolar RF,Classys,,Classys,active,official_evidence_promoted,"official_fda_api, official_product_document, official_product_page, official_spec_candidate"
ultim,REC_0136,prod_c61e66819467,Croma Pharma,Croma PDO Threads,Threads,,Injectables,Dermal Filler,Hyaluronic Acid,,Hyaluronic Acid,Croma Pharma,,Croma Pharma,active,official_product_and_spec_cross_checked,"seed_from_workbook, official_product_document, official_product_page, official_spec_candidate"
api,REC_0059,prod_51fbf86a99e5,Cutera,AviClear,Acne Laser,AviClear Laser System,EBD,Laser,Retinoid,,Retinoid,Cutera,,Cutera,active,official_evidence_promoted,"official_fda_api, official_fda_document, official_product_document, official_product_page, official_spec_candidate"
api,REC_0713,prod_41594fb8bf9d,Cutera,truSculpt (iD / flex),Body Contouring,truSculpt,EBD,EMS,Stem Cell,,Stem Cell,Cutera,,Cutera,active,official_evidence_promoted,"official_fda_api, official_product_document, official_product_page, official_spec_candidate"
api,REC_0820,prod_6115f08655a6,Cynosure,XERF,Dual-Frequency Monopolar RF,XERF,EBD,Radiofrequency,Monopolar RF,Monopolar RF,Monopolar RF,Cynosure,,Cynosure,active,official_evidence_promoted,"official_fda_api, official_fda_document, official_product_document, official_product_page, official_spec_candidate"
rejuran,REC_0202,prod_7aaee3d51236,Daejoo,Dr. DMA / PDRN Injection,Mesotherapy,Dr. DMA / PDRN Injection,Injectables,Skin Booster,PDRN / PN Skin Booster,PDRN mesotherapy injection,PDRN / PN Skin Booster,Daejoo,,Daejoo,active,official_product_and_spec_cross_checked,"seed_from_workbook, official_product_document, official_product_page, official_spec_candidate, official_evidence_promoted"
api,REC_0533,prod_8aca814d2399,Daejoo,PDRN / PN API,API (PDRN/PN),,Injectables,Skin Booster,Polynucleotide,,Polynucleotide,Daejoo,,Daejoo,active,unverified_seed,seed_from_workbook
nabota|jeuveau|nuceiva,REC_0473,prod_9060828d2c15,Daewoong,Nabota (Jeuveau / Nuceiva),Botulinum Toxin,,Injectables,Neurotoxin,Botulinum Toxin A,,Botulinum Toxin A,Daewoong,,Daewoong,active,official_product_and_spec_cross_checked,"seed_from_workbook, official_product_page, official_spec_candidate"
kybella,REC_0756,prod_6b766e97c020,Daewoong,V-OLET,Lipolysis,,Injectables,Lipolytic,Deoxycholic Acid,,Deoxycholic Acid,Daewoong,,Daewoong,active,official_product_and_spec_cross_checked,"seed_from_workbook, official_product_document, official_product_page, official_spec_candidate"
api,REC_0158,prod_16a3d4775c95,DEKA,Deka,Renaissance / SmartXide,DEKA Loop,EBD,Laser,CO2 Laser,CO2 / Nd:YAG,CO2 Laser,DEKA,,DEKA,active,official_evidence_promoted,"official_fda_api, official_fda_document, official_product_document, official_product_page, official_spec_candidate"
api,REC_0468,prod_38970f165cf3,DEKA,Motus AX / AY,Alexandrite Laser,SHARPLAN EPITOUCH ALEXANDRITE LASER SYSTEM (5000),EBD,Laser,Diode Laser,,Diode Laser,DEKA,,DEKA,active,official_evidence_promoted,"official_fda_api, official_product_document, official_product_page, official_spec_candidate"
api,REC_0669,prod_09aa10d3943a,DEKA,SmartXide (Touch / Punto),CO2 Laser,"SMART CO2 (SMARTXIDE, SMART US20D) WITH DOT SCANNER",EBD,Laser,CO2 Laser,,CO2 Laser,DEKA,,DEKA,active,official_evidence_promoted,"official_fda_api, official_fda_document, official_product_document, official_product_page, official_spec_candidate"
rejuran,REC_0636,prod_f80e1322cc26,DFK Biolab,S-DNA,PDRN / Skin Booster,S-DNA / PDRN skin booster,Injectables,Skin Booster,PDRN + HA Skin Booster,,PDRN + HA Skin Booster,DFK Biolab,,DFK Biolab,active,official_product_and_spec_cross_checked,"seed_from_workbook, official_product_document, official_product_page, official_spec_candidate, official_evidence_promoted"
nabota,REC_0963,prod_f3262e00d428,Dongkook Pharma,Nabota,Nabota,,Injectables,Neurotoxin,Botulinum Toxin A,Botulinum Toxin A,Botulinum Toxin A,Dongkook Pharma,,Dongkook Pharma,active,official_document_cross_checked,"seed_from_workbook, official_product_document, official_product_page"
elravie,REC_0964,prod_6d65d588bcf6,Dongkook Pharma,Elravie,Elravie,,Injectables,Dermal Filler,Hyaluronic Acid,Hyaluronic Acid,Hyaluronic Acid,Dongkook Pharma,,Dongkook Pharma,active,unverified_seed,seed_from_workbook
doum,REC_0268,prod_e176269738b7,Doum,Fat Transfer Cannulas,Fat Grafting,,Consumables,Needles & Cannulas,Fat Transfer Cannula,,Fat Transfer Cannula,Doum,,Doum,active,unverified_seed,seed_from_workbook
doum,REC_0344,prod_30833f2b6462,Doum,Infiltration Pump,Tool,,Surgical,Surgical Tools,Infiltration Pump,,Infiltration Pump,Doum,,Doum,active,unverified_seed,seed_from_workbook
doum,REC_0557,prod_255ee8bb59a2,Doum,Power Assisted Liposuction (PAL),Liposuction,,Surgical,Liposuction,Power Assisted Liposuction,,Power Assisted Liposuction,Doum,,Doum,active,unverified_seed,seed_from_workbook
botox,REC_0095,prod_56c13ebad4cb,DSD Pharm,Botox Like Hair Therapy,Hair Structure,,Skincare,Cosmeceutical,Hair Therapy,,Hair Therapy,DSD Pharm,,DSD Pharm,active,official_spec_candidate_cross_checked,"seed_from_workbook, official_spec_candidate"
api,REC_0159,prod_12d1fe689cd3,El.En.,DEKA,SmartXide (MonaLisa Touch),DEKA SMARTXIDE LASER SYSTEM,EBD,Laser,CO2 Laser,CO2 Fractional Laser (点阵二氧化碳),CO2 Laser,El.En.,,El.En.,active,official_evidence_promoted,"official_fda_api, official_product_document, official_product_page, official_spec_candidate"
api,REC_0584,prod_ed5f1dec6ea7,El.En.,Quanta System,Discovery PICO Series,Quanta System Surgical Laser fibers,EBD,Laser,Picosecond Laser,High Power Picosecond (大功率皮秒),Picosecond Laser,El.En.,,El.En.,active,official_evidence_promoted,"official_fda_api, official_product_document, official_product_page, official_spec_candidate"
api,REC_0383,prod_86ec90940bba,Eltech K-Laser,K-Laser,Blue Derma,,EBD,Laser,Blue Laser,Blue Laser 445nm (蓝激光),Blue Laser,Eltech K-Laser s.r.l.,Eltech K-Laser s.r.l.,Eltech K-Laser,active,official_product_and_spec_cross_checked,"seed_from_workbook, official_product_document, official_product_page, official_spec_candidate"
api,REC_0230,prod_ae5df0f646a7,EndyMed Medical,EndyMed,EndyMed PRO / Pure,EndyMed PRO MAX,EBD,Radiofrequency,Radiofrequency,3DEEP RF (多源相控射频),Radiofrequency,EndyMed Medical,,EndyMed Medical,active,official_evidence_promoted,"official_fda_api, official_product_document, official_product_page, official_spec_candidate"
api,REC_0231,prod_df9e0a7e91f0,EndyMed Medical,EndyMed,Intensif,INTENSIF,EBD,Microneedling,Fractional RF,Non-Insulated RF Microneedling (非绝缘黄金微针),Fractional RF,EndyMed Medical,,EndyMed Medical,active,official_evidence_promoted,"official_fda_api, official_fda_document, official_product_document, official_product_page, official_spec_candidate"
api,REC_0494,prod_5d03f6145ed1,EndyMed Medical,NEWA,NEWA Classic / Plus,Newa Skin Therapy System,EBD,Radiofrequency,Radiofrequency,Home Use 3DEEP RF (家用相控射频),Radiofrequency,EndyMed Medical,,EndyMed Medical,active,official_evidence_promoted,"official_fda_api, official_fda_document, official_product_document, official_product_page, official_spec_candidate"
ultim,REC_1012,prod_e815c527e7dd,Establishment Labs,Motiva,Motiva Ergonomix,,Implants,Breast Implant,Silicone Gel Implant,SmoothSilk Ergonomix,Silicone Gel Implant,Establishment Labs,,Establishment Labs,active,official_product_and_spec_cross_checked,"seed_from_workbook, official_product_document, official_product_page, official_spec_candidate"
api,REC_0247,prod_12bd71c49908,Eunsung,Eunsung,CoolShaping 2,,EBD,Cryotherapy,Cryolipolysis,Cryolipolysis (冷冻溶脂),Cryolipolysis,Eunsung,,Eunsung,active,official_product_and_spec_cross_checked,"seed_from_workbook, official_product_document, official_product_page, official_spec_candidate"
botox|jeuveau|nuceiva,REC_0364,prod_55e238c32bec,Evolus,Jeuveau/Nuceiva,Jeuveau (PrabotulinumtoxinA-xvfs),,Injectables,Neurotoxin,Botulinum Toxin A,900kDa Purified Botulinum Toxin (Hi-Pure Technology),Botulinum Toxin A,Evolus,,Evolus,active,official_product_and_spec_cross_checked,"seed_from_workbook, official_product_document, official_product_page, official_spec_candidate"
api,REC_0280,prod_ced9c2685e0e,Fotona d.o.o.,Fotona,SP Dynamis (4D Pro),"Fotona XPulse Laser System Family (XPulse 1064 nm, XPulse 810 nm, XPulse 980 nm)",EBD,Laser,Er:YAG Laser,Er:YAG (2940nm) + Nd:YAG (1064nm),Er:YAG Laser,Fotona d.o.o.,,Fotona d.o.o.,active,official_evidence_promoted,"official_fda_api, official_fda_document, official_product_document, official_product_page, official_spec_candidate"
api,REC_1001,prod_c0931f4c54a9,Fotona d.o.o.,StarFormer,StarFormer TightWave,StarFormer,EBD,Radiofrequency,HIFEM,Focused Electromagnetic,HIFEM,Fotona d.o.o.,,Fotona d.o.o.,active,official_evidence_promoted,"official_fda_api, official_fda_document, official_product_document, official_product_page, official_spec_candidate"
relfydess,REC_0806,prod_9e543e0b57e7,Galderma,Relfydess,RelabotulinumtoxinA,,Injectables,Neurotoxin,Botulinum Toxin A,BoNT-A,Botulinum Toxin A,Galderma,,Galderma,active,official_product_and_spec_cross_checked,"seed_from_workbook, official_product_document, official_product_page, official_spec_candidate"
botox|dysport|azzalure,REC_0211,prod_a3fda2457621,Galderma,Dysport / Azzalure,AbobotulinumtoxinA,注射用A型肉毒毒素,Injectables,Neurotoxin,Botulinum Toxin A,Botulinum Toxin Type A (肉毒素),Botulinum Toxin A,Galderma,,Galderma,active,official_product_and_spec_cross_checked,"seed_from_workbook, official_product_document, official_product_page, official_spec_candidate, official_evidence_promoted"
alluzience,REC_0805,prod_2dc6158c17cc,Galderma,Alluzience,Ready-to-Use Liquid BoNT-A,,Injectables,Neurotoxin,Botulinum Toxin A,BoNT-A,Botulinum Toxin A,Galderma,,Galderma,active,official_document_cross_checked,"seed_from_workbook, official_product_document, official_product_page"
kybella|belkyra,REC_0292,prod_67982711aa8b,GANA,GANA,GANA DA,,Injectables,Lipolytic,Deoxycholic Acid,Deoxycholic Acid (脱氧胆酸),Deoxycholic Acid,GANA,,GANA,active,official_product_and_spec_cross_checked,"seed_from_workbook, official_product_document, official_product_page, official_spec_candidate"
eloquence,REC_0224,prod_82f3430ed451,Haim Aesthetics,Eloquence,Eloquence (Fine/Deep/Sub-Q),,Injectables,Dermal Filler,Hyaluronic Acid,HA Filler (ZEEP Technology),Hyaluronic Acid,Haim Aesthetics,,Haim Aesthetics,active,official_product_and_spec_cross_checked,"seed_from_workbook, official_product_document, official_product_page, official_spec_candidate"
api,REC_0199,prod_e998a6e999a4,Hironic,Doublo,New Doublo,NEW DOUBLO 2.0,EBD,Radiofrequency,HIFU,HIFU + RF (超声射频协同),HIFU,Hironic,,Hironic,active,official_evidence_promoted,"official_company_certificate, official_fda_api, official_product_document, official_product_page, official_spec_candidate"
api,REC_0543,prod_9bb0117dfaf5,Hironic,PicoHi,PicoHi 300,PICOHI,EBD,Laser,Picosecond Laser,Picosecond Laser (300ps),Picosecond Laser,Hironic,,Hironic,active,official_evidence_promoted,"official_company_certificate, official_fda_api, official_product_document, official_product_page, official_spec_candidate"
api,REC_0950,prod_91d9d7eb822e,Hironic,SILKRO,SILKRO,SILKRO,EBD,Radiofrequency,Radiofrequency,Plasma RF Combination,Radiofrequency,Hironic,,Hironic,active,official_evidence_promoted,"official_company_certificate, official_eudamed, official_fda_api, official_product_document, official_product_page, official_spec_candidate"
botox|letybo|botulax,REC_0395,prod_d1a2783c56d8,Hugel,Letybo / Botulax,Letybo (LetibotulinumtoxinA),注射用A型肉毒毒素,Injectables,Neurotoxin,Botulinum Toxin A,LetibotulinumtoxinA,Botulinum Toxin A,Hugel,,Hugel,active,official_product_and_spec_cross_checked,"seed_from_workbook, official_product_page, official_spec_candidate, official_evidence_promoted"
dermashine,REC_0176,prod_34f1bcd4274c,Huons Meditech,DermaShine,DermaShine Pro / Balance,Premium 9-Pin Needle for Dermashine Pro / Balance,Consumables,Needles & Cannulas,Multi-Needle Injector,Multi-needle Injector (水光机),Multi-Needle Injector,Huons Meditech,,Huons Meditech,active,official_document_cross_checked,"seed_from_workbook, official_product_document, official_product_page, official_evidence_promoted"
dermashine,REC_0177,prod_fad4dbfdec67,Huons Meditech,DermaShine,DermaShine Duo RF,,EBD,Radiofrequency,Radiofrequency,RF Multi-needle Injector (射频水光),Radiofrequency,Huons Meditech,,Huons Meditech,active,official_document_cross_checked,"official_company_fact_override, official_product_document, official_product_page"
botox,REC_0263,prod_258534f6457e,Hyalure,Exolure,Exolure Visage,,Regenerative,Exosome,Exosome + HA,Biorevitalizer (Exosome + HA),Exosome + HA,Hyalure,,Hyalure,active,official_document_cross_checked,"seed_from_workbook, official_product_document, official_product_page"
api,REC_0122,prod_fa2445136b1e,Induction Therapies,Collagen P.I.N.,Microneedling Device,,EBD,Microneedling,Microneedling,,Microneedling,Induction Therapies,,Induction Therapies,active,official_product_and_spec_cross_checked,"seed_from_workbook, official_product_document, official_product_page, official_spec_candidate"
api,REC_0343,prod_df5ecd87f89e,Induction Therapies,Induction Therapies Skincare,Post-Procedure,,Injectables,Dermal Filler,Hyaluronic Acid,,Hyaluronic Acid,Induction Therapies,,Induction Therapies,active,official_document_cross_checked,"seed_from_workbook, official_product_document, official_product_page"
api,REC_0063,prod_e31fd556f548,Institute BCN,BCN,BCN Classics,,Injectables,Mesotherapy,Mesotherapy,Mesotherapy Solution (中胚层原液),Mesotherapy,Institute BCN,,Institute BCN,active,official_product_and_spec_cross_checked,"seed_from_workbook, official_product_document, official_product_page, official_spec_candidate"
alluzience,REC_0962,prod_f8f092fe3eff,Ipsen Pharma,Alluzience,Alluzience,,Injectables,Neurotoxin,Botulinum Toxin A,Liquid Ready-to-Use,Botulinum Toxin A,Ipsen Pharma,,Ipsen Pharma,active,official_product_page_cross_checked,"seed_from_workbook, official_product_page"
ultim,REC_0389,prod_2856e814e526,Jaysean / J Syeon,La Pomme,La Pomme / Caratfill,La Pomme / Caratfill,Injectables,Dermal Filler,HA Filler / PDRN Skin Booster,HA Filler / Skin Booster,HA Filler / PDRN Skin Booster,Jaysean / J Syeon,,Jaysean / J Syeon,active,official_product_and_spec_cross_checked,"seed_from_workbook, official_product_document, official_product_page, official_spec_candidate, official_evidence_promoted"
rejuran,REC_0619,prod_111999385ece,JDBIO,Richesse,Richesse / Richesse Eyes,Richesse / Richesse Eyes,Injectables,Skin Booster,PDRN + Hyaluronic Acid + Peptides,HA Filler / PDRN,PDRN + Hyaluronic Acid + Peptides,JDBIO,,JDBIO,active,official_product_and_spec_cross_checked,"seed_from_workbook, official_product_document, official_product_page, official_spec_candidate, official_evidence_promoted"
e.p.t.q|eptq,REC_0213,prod_6538b2f63b54,Jetema,e.p.t.q.,e.p.t.q. (S100/300/500),注射用交联透明质酸钠凝胶Cross-linked sodium hyaluronate Gel for Injection,Injectables,Dermal Filler,Hyaluronic Acid,HA Filler (ZEEP Technology),Hyaluronic Acid,Jetema,,Jetema,active,official_product_and_spec_cross_checked,"seed_from_workbook, official_product_document, official_product_page, official_spec_candidate, official_evidence_promoted"
yvoire,REC_0965,prod_f2adaaca4e65,Jetema,Yvoire,Yvoire,,EBD,IPL,Hyaluronic Acid,Premium HA,Hyaluronic Acid,Jetema,,Jetema,active,official_product_and_spec_cross_checked,"seed_from_workbook, official_product_document, official_product_page, official_spec_candidate"
carboxy,REC_0618,prod_6acacc13ad62,JMBiotech,RIBESKIN,CO2 Carboxy / Pink Aging,,EBD,Laser,CO2 Laser,Needle-free CO2 (无针注氧),CO2 Laser,JMBiotech,,JMBiotech,active,official_product_and_spec_cross_checked,"seed_from_workbook, official_product_document, official_product_page, official_spec_candidate"
botox,REC_0368,prod_63f8b056df34,Juvaplus,Juvapen,Juvapen Expert,,Consumables,Injection Devices,Automated Injector,Automated Injector (肉毒助推器),Automated Injector,Juvaplus,,Juvaplus,active,official_product_and_spec_cross_checked,"seed_from_workbook, official_product_document, official_product_page, official_spec_candidate"
yvoire,REC_0778,prod_e074be487e63,LG Chem,Yvoire,Yvoire (Classic/Volume),注射用修饰透明质酸钠凝胶YVOIRE volume s,Injectables,Dermal Filler,Hyaluronic Acid,HA Filler (HICE),Hyaluronic Acid,LG Chem,,LG Chem,active,official_product_and_spec_cross_checked,"seed_from_workbook, official_product_document, official_product_page, official_spec_candidate, official_evidence_promoted"
api,REC_0414,prod_12d68f975ca7,Lumenis,Lumenis,Stellar M22,Lumenis M22 System,EBD,Radiofrequency,IPL,IPL (OPT Technology),IPL,Lumenis,,Lumenis,active,official_evidence_promoted,"official_fda_api, official_fda_document, official_product_document, official_product_page, official_spec_candidate"
api,REC_0979,prod_de9818c5ff31,Lumenis,LightSheer,LightSheer QUATTRO,LightSheer Desire Light Laser System,EBD,Laser,Diode Laser,805nm+1060nm Dual Wavelength,Diode Laser,Lumenis,,Lumenis,active,official_evidence_promoted,"official_fda_api, official_product_document, official_product_page, official_spec_candidate"
api,REC_0981,prod_14ad2948931e,Lumenis,Lumenis,AcuPulse,"AcuPulse CO2 Laser System, Delivery Devices and Accessories",EBD,Laser,CO2 Laser,Fractional CO2,CO2 Laser,Lumenis,,Lumenis,active,official_evidence_promoted,"official_fda_api, official_product_document, official_product_page, official_spec_candidate"
api,REC_0986,prod_d1f530fbdb7b,Lumenis,Lumenis,FoLix,FoLix,EBD,Laser,Fractional Laser,1565nm Non-ablative,Fractional Laser,Lumenis,,Lumenis,active,official_evidence_promoted,"official_fda_api, official_fda_document, official_product_document, official_product_page, official_spec_candidate"
api,REC_0418,prod_98e1ab884d55,Lutronic / Cynosure Lutronic,Lutronic,LaseMD Ultra,"LUTRONIC CORPORATION ECO2 PLUS, DENTA III AND III+ AND SP III LASER SYSTEMS",EBD,Laser,Thulium Laser,1927nm Thulium Laser (铥激光),Thulium Laser,Lutronic / Cynosure Lutronic,,Lutronic / Cynosure Lutronic,active,official_evidence_promoted,"official_eudamed, official_fda_api, official_product_document, official_product_page, official_spec_candidate"
api,REC_0419,prod_19403421ebcf,Lutronic / Cynosure Lutronic,Lutronic,Genius,medi pneumatic compression system (pcs)-genius (Model 652),EBD,Microneedling,Fractional RF,AI RF Microneedling (智能黄金微针),Fractional RF,Lutronic / Cynosure Lutronic,,Lutronic / Cynosure Lutronic,active,official_evidence_promoted,"official_fda_api, official_product_document, official_product_page, official_spec_candidate"
api,REC_1006,prod_b0efb78d5400,Lutronic / Cynosure Lutronic,Lutronic,Clarity II,CLARITY II Laser System,EBD,Laser,Nd:YAG Laser,755nm + 1064nm IntelliTrak,Nd:YAG Laser,Lutronic / Cynosure Lutronic,,Lutronic / Cynosure Lutronic,active,official_evidence_promoted,"official_fda_api, official_product_document, official_product_page, official_spec_candidate"
api,REC_1007,prod_24a96d4dceb4,Lutronic / Cynosure Lutronic,Lutronic,Accufit,accufit,EBD,EMS,EMS,Direct Muscle Activation,EMS,Lutronic / Cynosure Lutronic,,Lutronic / Cynosure Lutronic,active,official_evidence_promoted,"official_fda_api, official_product_document, official_product_page, official_spec_candidate"
api,REC_1009,prod_3b0c60aa688d,Lutronic / Cynosure Lutronic,Mosaic,Mosaic 3D,MOSAIC ECO2 LASER SYSTEM,EBD,Laser,Fractional Laser,1550nm Fractional,Fractional Laser,Lutronic / Cynosure Lutronic,,Lutronic / Cynosure Lutronic,active,official_evidence_promoted,"official_fda_api, official_product_document, official_product_page, official_spec_candidate"
neuramis,REC_0489,prod_47cb493205f7,Medytox,Neuramis,Neuramis (Deep/Volume),,Injectables,Dermal Filler,Hyaluronic Acid,HA Filler (SHAPE Technology),Hyaluronic Acid,Medytox,,Medytox,active,official_product_and_spec_cross_checked,"seed_from_workbook, official_product_document, official_product_page, official_spec_candidate"
botox,REC_0492,prod_38346130aefe,Medytox,Neuronox / Meditoxin,Neuronox (Botulinum Toxin Type A),,Injectables,Neurotoxin,Botulinum Toxin A,Standard Toxin (粉毒),Botulinum Toxin A,Medytox,,Medytox,active,official_product_and_spec_cross_checked,"seed_from_workbook, official_product_document, official_product_page, official_spec_candidate"
neuramis light|neuramis,REC_0884,prod_d9e270e32e4c,Medytox,Neuramis Light,HA Filler for Superficial,,EBD,Radiofrequency,Hyaluronic Acid,HA Filler,Hyaluronic Acid,Medytox,,Medytox,active,official_product_and_spec_cross_checked,"seed_from_workbook, official_product_document, official_product_page, official_spec_candidate"
neuramis,REC_0885,prod_88adbabfca4e,Medytox,Neuramis Deep,HA Filler 20mg/ml,,Injectables,Dermal Filler,Hyaluronic Acid,HA Filler,Hyaluronic Acid,Medytox,,Medytox,active,official_product_and_spec_cross_checked,"seed_from_workbook, official_product_document, official_product_page, official_spec_candidate"
neuramis,REC_0886,prod_404084cc36eb,Medytox,Neuramis Volume,HA Filler for Volume,,Injectables,Dermal Filler,Hyaluronic Acid,HA Filler,Hyaluronic Acid,Medytox,,Medytox,active,official_product_and_spec_cross_checked,"seed_from_workbook, official_product_document, official_product_page, official_spec_candidate"
xeomin,REC_0129,prod_5b477b4aab50,Medytox,Coretox,Animal-Free Botulinum Toxin,,Injectables,Neurotoxin,Botulinum Toxin A,Pure Toxin (低蛋白肉毒),Botulinum Toxin A,Medytox,,Medytox,active,official_product_and_spec_cross_checked,"seed_from_workbook, official_product_document, official_product_page, official_spec_candidate"
api,REC_0813,prod_39d6d2704bea,Merz,Cellfina,Cellulite Treatment Device,The Cellfina System,EBD,Body Contouring,Subcision,Subcision,Subcision,Merz,,Merz,active,official_evidence_promoted,"official_fda_api, official_product_document, official_product_page, official_spec_candidate"
xeomin|bocouture,REC_0772,prod_4bda0a95d0de,Merz,Xeomin / Bocouture,Xeomin (IncobotulinumtoxinA),注射用A型肉毒毒素,Injectables,Neurotoxin,Botulinum Toxin A,Pure Neurotoxin (零复合蛋白肉毒),Botulinum Toxin A,Merz,,Merz,active,official_product_and_spec_cross_checked,"seed_from_workbook, official_product_document, official_product_page, official_spec_candidate, official_evidence_promoted"
rhinoplasty,REC_0015,prod_979fbd2d80a9,Oreon Life Science,Aessoa,Aessoa (Shine/Deep),,Injectables,Dermal Filler,Hyaluronic Acid,HA Filler (Monophasic),Hyaluronic Acid,Oreon Life Science,,Oreon Life Science,active,official_product_and_spec_cross_checked,"seed_from_workbook, official_product_document, official_product_page, official_spec_candidate"
rejuran,REC_0601,prod_acddd3fcf65f,PharmaResearch / PR Bio,Rejuran,Rejuran Healer / HB Plus,Rejuran Healer / HB Plus,Injectables,Skin Booster,Polynucleotide,PN (Polynucleotide),Polynucleotide,PharmaResearch / PR Bio,PharmaResearch / PR Bio,PharmaResearch / PR Bio,active,official_product_and_spec_cross_checked,"seed_from_workbook, official_product_document, official_product_page, official_spec_candidate, upstream_report_reference_official_verification, official_evidence_promoted"
rejuran,REC_0602,prod_370e7de7fb2d,PharmaResearch / PR Bio,Rejuran,Rejuran i / s,Rejuran i / Eyes,Injectables,Skin Booster,Polynucleotide,PN (Polynucleotide),Polynucleotide,PharmaResearch / PR Bio,PharmaResearch / PR Bio,PharmaResearch / PR Bio,active,official_product_and_spec_cross_checked,"seed_from_workbook, official_product_document, official_product_page, official_spec_candidate, official_evidence_promoted"
rejuran,REC_0970,prod_7ea8f16a2265,PharmaResearch / PR Bio,Rejuran,Rejuran Healer,Rejuran Healer,Injectables,Skin Booster,Polynucleotide,c-PDRN,Polynucleotide,PharmaResearch / PR Bio,PharmaResearch / PR Bio,PharmaResearch / PR Bio,active,official_product_and_spec_cross_checked,"seed_from_workbook, official_product_document, official_product_page, official_spec_candidate, upstream_report_reference_official_verification, official_evidence_promoted"
rejuran,REC_0971,prod_6c7426692e00,PharmaResearch / PR Bio,Rejuran,Rejuran Shine,Rejuran Shine,Injectables,Skin Booster,PN / HA Skin Booster,HA-PDRN Complex,PN / HA Skin Booster,PharmaResearch / PR Bio,PharmaResearch / PR Bio,PharmaResearch / PR Bio,active,official_product_and_spec_cross_checked,"seed_from_workbook, official_product_document, official_product_page, official_spec_candidate, official_evidence_promoted"
rejuran,REC_0506,prod_f45d071ba572,Promoitalia,Nucleofill,Nucleofill (Strong/Medium),,Injectables,Skin Booster,Polynucleotide,PN (Polynucleotide),Polynucleotide,Promoitalia,,Promoitalia,active,official_product_and_spec_cross_checked,"seed_from_workbook, official_product_document, official_product_page, official_spec_candidate"
api,REC_0581,prod_e43d18c68549,Quanta System,Quanta,Discovery Pico,QUANTA LITE CENTROMERE (CENP-A & CENP-B) ELISA,EBD,Laser,Picosecond Laser,Picosecond Laser (超皮秒),Picosecond Laser,Quanta System,,Quanta System,active,official_evidence_promoted,"official_eudamed, official_fda_api, official_product_document, official_product_page, official_spec_candidate"
botox|daxxify,REC_0151,prod_8c2cbcc5cd9e,Revance Therapeutics,Daxxify,Daxxify (DaxibotulinumtoxinA),注射用A型肉毒毒素,Injectables,Neurotoxin,Botulinum Toxin A,Peptide-Formulated Toxin (长效肉毒),Botulinum Toxin A,Revance Therapeutics,,Revance Therapeutics,active,official_product_and_spec_cross_checked,"seed_from_workbook, official_product_document, official_product_page, official_spec_candidate, official_evidence_promoted"
api,REC_0631,prod_6e774fcc53e5,Sciton,Sciton,BBL HERO,SCITON IMAGE HAIR REMOVAL LASER,EBD,Laser,BBL,BroadBand Light (牛奶光),BBL,Sciton,,Sciton,active,official_evidence_promoted,"official_fda_api, official_fda_document, official_product_document, official_product_page, official_spec_candidate"
api,REC_0988,prod_b8e4460ae688,Sciton,Sciton,mJOULE,mJOULE RF System and Accessories,EBD,IPL,Compact Platform,Compact Multi-application,Compact Platform,Sciton,,Sciton,active,official_evidence_promoted,"official_fda_api, official_fda_document, official_product_document, official_product_page, official_spec_candidate"
api,REC_0644,prod_1831e0e6505c,SharpLight,SharpLight,Omnimax,"Omnimax S3, Omnimax S4",EBD,Laser,Dpc (Dynamic Pulse Control),DPC (Dynamic Pulse Control),Dpc (Dynamic Pulse Control),SharpLight,,SharpLight,active,official_product_and_spec_cross_checked,"seed_from_workbook, official_product_document, official_product_page, official_spec_candidate, official_evidence_promoted"
api,REC_0120,prod_c4efc6e77f0f,Sinclair Pharma,Cocoon Medical,Elysion Pro,elysion-pro,EBD,Laser,Diode Laser,Diode Laser (二极管激光),Diode Laser,Sinclair Pharma,,Sinclair Pharma,active,official_evidence_promoted,"official_fda_api, official_product_document, official_product_page, official_spec_candidate"
hydrafacial,REC_0647,prod_a8c9af4989b1,Sinclair Pharma,Sinclair,Préime DermaFacial,,EBD,Laser,Radiofrequency,Hydro-dermabrasion + RF,Radiofrequency,Sinclair Pharma,,Sinclair Pharma,active,official_product_and_spec_cross_checked,"seed_from_workbook, official_product_document, official_product_page, official_spec_candidate"
api,REC_0650,prod_70aeab73aa1c,Skin Tech,Skin Tech,Easy TCA,SKIN TECH. ISOTEX 86L,Skincare,Chemical Peel,Chemical Peel,Hybrid TCA Peel (混合TCA),Chemical Peel,Skin Tech,,Skin Tech,active,official_evidence_promoted,"official_fda_api, official_product_document, official_product_page, official_spec_candidate"
api,REC_0117,prod_1cd5e7bc531f,Solta Medical,Clear + Brilliant,Clear + Brilliant,CLEAR+BRILLIANT LASER SYSTEM,EBD,Laser,Perméa / Original,Perméa / Original,Perméa / Original,Solta Medical,,Solta Medical,active,official_evidence_promoted,"official_company_ifu, official_fda_api, official_fda_document, official_product_document, official_product_page, official_spec_candidate"
api,REC_0285,prod_6396464378ec,Solta Medical,Fraxel,Fraxel DUAL,FRAXEL DUAL 1550/1927 LASER SYSTEM,EBD,Laser,Fractional Laser,Fractional Laser (飞梭激光),Fractional Laser,Solta Medical,,Solta Medical,active,official_evidence_promoted,"official_fda_api, official_fda_document, official_product_document, official_product_page, official_spec_candidate"
api,REC_0698,prod_49f4714b934f,Solta Medical,Thermage,Thermage FLX,THERMAGE CPT SYSTEM,EBD,Radiofrequency,Monopolar RF,Monopolar RF (单极射频),Monopolar RF,Solta Medical,,Solta Medical,active,official_evidence_promoted,"official_fda_api, official_fda_document, official_product_document, official_product_page, official_spec_candidate"
api,REC_0678,prod_38f295a821a1,Storz Medical,Storz,Cellactor / D-Actor,,EBD,Shockwave,Acoustic Wave Therapy,AWT (Acoustic Wave Therapy),Acoustic Wave Therapy,Storz Medical,,Storz Medical,active,official_document_cross_checked,"seed_from_workbook, official_product_document, official_product_page, upstream_report_reference_official_verification"
10thera,REC_0005,prod_53c8e4eddfc4,Tentech,10Thera,10Thera (TenThera),,EBD,HIFU,HIFU,2-Line HIFU (双线超声),HIFU,Tentech,,Tentech,active,unverified_seed,seed_from_workbook
10therma,REC_0006,prod_1410ca60fe8f,Tentech,10Therma,10Therma (TenTherma),,EBD,Radiofrequency,Monopolar RF,Monopolar RF (单极射频),Monopolar RF,Tentech,,Tentech,active,unverified_seed,seed_from_workbook
rejuran,REC_0598,prod_aef38a23730f,Tentech,Regevan,Regevan PN,,EBD,HIFU,Pdrn,PN (Polynucleotide),Pdrn,Tentech,,Tentech,active,official_document_cross_checked,"seed_from_workbook, official_product_document, official_product_page"
api,REC_0688,prod_e18ac869600f,Teoxane Laboratories,Teosyal,Teosyal RHA (1/2/3/4),Teosyal RHA (1/2/3/4),Injectables,Dermal Filler,Hyaluronic Acid,Resilient HA (动态玻尿酸),Hyaluronic Acid,Teoxane Laboratories,,Teoxane Laboratories,active,official_evidence_promoted,"official_company_ifu, official_product_document, official_product_page, official_spec_candidate"
api,REC_0695,prod_c1042520c927,The Skin Lounge,The Skin Lounge,Seoul Masks,,Skincare,Cosmeceutical,Bio-Cellulose,Bio-cellulose (生物纤维),Bio-Cellulose,The Skin Lounge,,The Skin Lounge,active,official_product_and_spec_cross_checked,"seed_from_workbook, official_product_document, official_product_page, official_spec_candidate"
api,REC_0920,prod_f3fb159195fb,Venus Concept,Venus BlissMAX,Venus BlissMAX,Venus BlissMAX,EBD,Laser,Multi-Modality,Diode Laser + (MP)2 + EMS,Multi-Modality,Venus Concept,,Venus Concept,active,official_document_cross_checked,"seed_from_workbook, official_product_document, official_product_page, official_evidence_promoted"
api,REC_0923,prod_5704d19bf441,Venus Concept,AI.ME,AI.ME,AI.ME System,EBD,Platform,Robotic Platform,AI Robotics,Robotic Platform,Venus Concept,,Venus Concept,active,official_evidence_promoted,"official_eudamed, official_fda_api, official_product_document, official_product_page"
api,REC_0924,prod_928380b64a65,Venus Concept,ARTAS,ARTAS iX,THE ARTAS SYSTEM,EBD,Hair Restoration,Hyaluronic Acid,Robotic FUE,Hyaluronic Acid,Venus Concept,,Venus Concept,active,official_evidence_promoted,"official_fda_api, official_product_document, official_product_page, official_spec_candidate"
rhinoplasty,REC_0306,prod_8651924ee70e,W.L. Gore & Associates,Gore-Tex,ePTFE Implants,GORE-TEX VASCULAR GRAFT; GORE-TEX STRETCH VASCULAR GRAFT,Implants,Other Implant,Expanded Ptfe,Expanded PTFE (膨体),Expanded Ptfe,W.L. Gore & Associates,,W.L. Gore & Associates,active,official_product_and_spec_cross_checked,"seed_from_workbook, official_product_document, official_product_page, official_spec_candidate, official_evidence_promoted"
api,REC_0764,prod_b3e2fc3093a1,Wontech,Wontech,Pastelle,WONTECH Surgical Optic Fibers (BA400/BA400R/BA600/BA600R),EBD,Laser,Q-Switched Laser,Q-Switched Nd:YAG,Q-Switched Laser,Wontech,,Wontech,active,official_evidence_promoted,"official_fda_api, official_fda_document, official_product_document, official_product_page, official_spec_candidate"
api,REC_0767,prod_c59257d9852e,Wontech,Wontech,Lavieen,Lavieen,EBD,Laser,Thulium Laser,Thulium Laser (铥激光),Thulium Laser,Wontech,,Wontech,active,official_evidence_promoted,"official_fda_api, official_product_page, official_spec_candidate"
api,REC_0940,prod_c9edd723d544,Wontech,PICOCARE,PICOCARE 450/Majesty,Picocare Family,EBD,Laser,Picosecond Laser,Picosecond Nd:YAG,Picosecond Laser,Wontech,,Wontech,active,official_evidence_promoted,"official_fda_api, official_fda_document, official_product_document, official_product_page"
api,REC_0945,prod_49a9c5d5acd1,Wontech,HairBeam,HairBeam/HairBoom,"Hair Boom 69, Hair Boom Air, Ulike Hair UpUp",EBD,Laser,Lllt,Low Level Laser Therapy,Lllt,Wontech,,Wontech,active,official_evidence_promoted,"official_fda_api, official_product_page"
etrebelle,REC_1055,prod_1d01a539c54f,FacePharm Korea,Etrebelle,Etrebelle 50 mg / 200 mg,,Injectables,Biostimulator,PDLLA,"Poly D,L-lactide (PLA) + HA hybrid filler",PDLLA,FacePharm Korea,,FacePharm Korea,active,unverified_seed,seed_from_workbook
carboxy,UPR_KARISMA_001,prod_a11a36bc340c,Taumedika SRL,Karisma FACE Rh Collagen,Karisma FACE Rh Collagen,,Injectables,Biostimulator,Rh Collagen,,Rh Collagen,Taumedika SRL,Taumedika SRL,Taumedika SRL,active,official_product_and_spec_cross_checked,"seed_from_workbook, official_product_page, official_product_fact_promoted, upstream_report_reference_official_verification"
juvéderm ultra plus,TOPLINE_ALLERGAN_JUVEDERM_ULTRA_PLUS_XC_20260530,prod_8f0762df3c65,Allergan,Juvéderm Ultra Plus XC,HA Filler for Facial Wrinkles and Folds,,Injectables,Dermal Filler,Hyaluronic Acid Dermal Filler,,Hyaluronic Acid Dermal Filler,Allergan,Allergan,Allergan,active,official_product_and_spec_cross_checked,"seed_from_workbook, official_product_page, official_product_fact_promoted, top_company_productline_official_verification"
restylane defyne,TOPLINE_GALDERMA_RESTYLANE_DEFYNE_20260530,prod_93db7892de5b,Galderma,Restylane Defyne,HA Filler for Deep Facial Folds,,Injectables,Dermal Filler,Hyaluronic Acid Dermal Filler,,Hyaluronic Acid Dermal Filler,Galderma,Galderma,Galderma,active,official_product_and_spec_cross_checked,"seed_from_workbook, official_product_page, official_product_fact_promoted, top_company_productline_official_verification"
newlux,TOPLINE_MEDYTOX_NEWLUX_20260530,prod_a85c058406fc,Medytox,NEWLUX,Botulinum Toxin Type A 100U,,Injectables,Neurotoxin,Botulinum Toxin Type A,,Botulinum Toxin Type A,Medytox,Medytox,Medytox,active,official_product_and_spec_cross_checked,"seed_from_workbook, official_product_page, official_product_fact_promoted, top_company_productline_official_verification"
emtone,TOPLINE_BTL_EMTONE_20260530,prod_b2ff5bd02cc5,BTL,EMTONE,RF + Mechanical Cellulite Treatment,,EBD,Radiofrequency,Radiofrequency + Targeted Pressure Energy,,Radiofrequency + Targeted Pressure Energy,BTL Industries,BTL Industries,BTL,active,official_product_and_spec_cross_checked,"seed_from_workbook, official_product_page, official_product_fact_promoted, top_company_productline_official_verification"
